time,open,high,low,close,vwap,volume,count,ema30,ema100,rsi,atr
2023-10-14,26867.9,26976.5,26820.0,26857.3,26885.0,730.75681777,13661.0,27073.059796691436,27711.828577446613,46.46217598237593,582.6692326101338
2023-10-15,26857.3,27292.1,26820.1,27170.1,27040.6,1026.08545185,13714.0,27079.320454969406,27701.101278883314,51.19359342933843,574.7642874236957
2023-10-16,27170.1,30000.0,27119.9,28516.8,28269.2,7787.35559589,55432.0,27172.061070777832,27717.253728806416,65.37939783943071,739.4311240362887
2023-10-17,28516.8,28606.3,28100.0,28415.8,28417.5,2328.47652769,22037.0,27252.302292017976,27731.08632823599,63.87979638003603,722.7789008908394
2023-10-18,28415.8,28980.6,28170.0,28335.1,28454.5,2035.02646802,24331.0,27322.16020866198,27743.046995003595,62.64342965202216,729.0518365414937
2023-10-19,28335.1,28900.0,28150.5,28726.9,28556.6,2372.54455712,24125.0,27412.788582296693,27762.529232726298,66.07633717501264,730.5124196456727
2023-10-20,28727.0,30215.0,28600.1,29680.9,29544.2,3812.08607916,37101.0,27559.11835118078,27800.516772672312,72.66360076172515,793.6829610995534
2023-10-21,29680.9,30343.3,29483.5,29920.2,29887.5,2252.19712262,21656.0,27711.446199491696,27842.490697965928,74.02604696234397,798.4056067352996
2023-10-22,29920.2,30220.7,29694.1,29987.3,29916.4,1328.85638275,24150.0,27858.275476943847,27884.962169293332,74.41116431196625,778.9909205399211
2023-10-23,29987.3,34800.0,29914.0,33084.4,31724.4,7154.71601,69925.0,28195.44480101199,27987.92133425782,85.26844428777468,1072.3487119299268
2023-10-24,33084.4,35225.0,32880.1,33922.4,34112.9,7855.01386151,80894.0,28564.92578159186,28105.435763282418,86.88938473183312,1163.2452325063607
2023-10-25,33921.6,35140.3,33706.1,34489.9,34477.4,3923.75924466,47051.0,28947.182182779485,28231.860797672864,87.86330917398946,1182.5991444701924
2023-10-26,34489.9,34825.0,33717.2,34155.2,34236.2,3871.43890163,42549.0,29283.183332277586,28349.1546432635,83.90452256574007,1177.2563484366074
2023-10-27,34155.2,34239.7,33318.6,33915.1,33897.7,2681.16178873,34273.0,29582.016665679035,28459.371383000856,81.08223426812602,1158.959466405421
2023-10-28,33915.1,34463.7,33852.8,34092.1,34153.9,1222.22173256,21136.0,29872.989784022324,28570.910563535494,81.57428087448085,1119.8123616621763
2023-10-29,34092.0,34758.5,33960.1,34529.5,34415.7,1521.60438775,22753.0,30173.40979795637,28688.902433564494,82.76712663168627,1096.8543358291638
2023-10-30,34529.5,34953.4,34100.1,34508.1,34511.7,2531.60813961,29612.0,30453.067230346285,28804.134068543415,82.48576909719466,1079.4575975556522
2023-10-31,34508.1,34719.9,34060.1,34655.2,34405.5,1855.56649419,31032.0,30724.172570323946,28919.996760255424,82.91568337214518,1049.4820548731059
2023-11-01,34653.9,35612.5,34120.0,35441.7,34809.2,3806.80440224,45918.0,31028.529178690147,29049.139398666208,85.03133689844117,1081.1261938107411
2023-11-02,35441.7,35945.0,34350.0,34927.7,35154.3,3988.47589861,39068.0,31280.08858651659,29165.54653928668,78.2144945113261,1117.8314656814025
2023-11-03,34927.8,34927.8,34133.0,34741.2,34531.5,2119.52126251,30226.0,31503.386097063907,29275.955518706745,75.83877080513159,1094.7577895613026
2023-11-04,34741.2,35257.9,34614.4,35090.3,34849.9,1617.41289256,21993.0,31734.799897253335,29391.09105298978,77.232806466604,1062.5250903069239
2023-11-05,35091.1,35382.1,34520.1,35050.0,35038.5,1827.87537859,24200.0,31948.683774849895,29503.148655900877,76.68276868177831,1048.201869570715
2023-11-06,35050.1,35267.1,34767.3,35028.6,35021.1,1572.80832561,28226.0,32147.388047440225,29612.56353400185,76.37172832777266,1009.0303074585207
2023-11-07,35028.6,35900.1,34560.0,35449.0,35203.0,2573.31257977,32147.0,32360.395270186018,29728.136533328547,78.23909468099201,1032.6781426400548
2023-11-08,35449.1,36094.0,35100.0,35626.4,35557.9,2554.52816689,28280.0,32571.105252754664,29844.93382969828,78.99353709609461,1029.9154181657652
2023-11-09,35626.4,37971.0,35517.3,36694.0,36731.4,8078.04800462,60387.0,32837.09846225436,29980.55890237752,82.84756281024828,1131.6143168682104
2023-11-10,36702.5,37500.0,36340.1,37311.7,37015.9,4459.42693761,34239.0,33125.7824324315,30125.73001322153,84.60723596266676,1133.6347228061954
2023-11-11,37311.7,37411.7,36658.0,37139.8,37086.0,1725.24461443,24025.0,33384.7513077585,30264.622488207242,82.08349391707483,1106.4965283200384
2023-11-12,37139.9,37227.6,36727.3,37053.9,37061.8,1172.59629012,18026.0,33621.4705782257,30399.063627054624,80.78667551963197,1063.1967762971783
2023-11-13,37053.9,37423.0,36371.0,36494.1,36830.6,3275.04932855,27332.0,33806.80150866275,30519.7574166179,72.72322588089496,1062.3970065616656
2023-11-14,36494.1,36750.1,34666.0,35544.4,36078.1,4657.82009731,35780.0,33918.904637136126,30619.25528955616,61.50706189454118,1135.3757918072608
2023-11-15,35544.4,37950.0,35361.7,37896.7,36908.3,4451.09716203,43661.0,34175.53659603057,30763.363105604552,72.72708457333339,1239.156092392457
2023-11-16,37896.7,37950.0,35517.2,36159.1,36669.7,6415.89077125,41103.0,34303.50842854473,30870.209380741093,59.03770098015036,1324.4163715072816
2023-11-17,36159.1,36888.0,35851.2,36625.0,36373.3,4591.39266185,31640.0,34453.28207831604,30984.165630627405,61.14931243826449,1303.8723449710474
2023-11-18,36625.0,36850.0,36222.0,36586.1,36549.1,1154.66434705,20436.0,34590.88323455372,31095.095024080325,60.86717908200356,1255.5957489016869
2023-11-19,36586.1,37531.9,36416.4,37373.9,36878.0,1751.8509045,21034.0,34770.432703292194,31219.427795880714,64.44497005763154,1245.5889096944234
2023-11-20,37383.9,37777.0,36715.0,37480.5,37370.0,4171.7237213,31266.0,34945.275754692695,31343.409423685058,64.91243914713368,1232.4754161448218
2023-11-21,37480.5,37655.8,35777.1,35777.1,36924.7,6261.50965349,40500.0,34998.941835035104,31431.205276681394,52.935564124141685,1278.6343149916206
2023-11-22,35777.1,37848.0,35645.0,37428.1,36833.7,6119.78524784,36687.0,35155.66171664574,31549.955667242157,60.53590177291489,1344.660435349362
2023-11-23,37428.1,37624.0,36874.7,37300.9,37334.9,2749.31351434,22735.0,35294.06418653957,31663.835753039344,59.73551961979028,1302.1346899672649
2023-11-24,37300.9,38432.9,37277.2,37710.4,37797.9,4254.02172775,33793.0,35449.95681966605,31783.569698523715,61.500309855792636,1291.6750692553178
2023-11-25,37716.2,37900.0,37614.0,37800.2,37771.0,1204.59670984,17804.0,35601.585411945656,31902.710892612355,61.89473365226092,1219.8411357370808
2023-11-26,37800.2,37810.0,37151.1,37469.9,37483.6,1333.5358221,19626.0,35722.12183698142,32012.952261075476,59.480937449178064,1179.773911755861
2023-11-27,37469.9,37565.6,36720.0,37254.1,37032.8,2144.82136222,25729.0,35820.95913782134,32116.737364816552,57.89240516932996,1155.9043466304422
2023-11-28,37254.1,38390.7,36901.0,37832.7,37771.9,3571.37812702,29544.0,35950.74887086512,32229.924743731073,60.906999751871105,1179.7468932996962
2023-11-29,37832.7,38419.0,37604.9,37870.0,37956.4,2377.63545295,26475.0,36074.5715243577,32341.60940227105,61.10034314457658,1153.6292580640036
2023-11-30,37870.0,38148.9,37501.0,37717.7,37772.4,1732.0766671,20738.0,36180.579813108816,32448.06664183004,59.79985552390213,1117.5057396308605
2023-12-01,37719.0,38924.4,37629.7,38690.0,38567.9,3704.47030493,34053.0,36342.47788968244,32571.669282585877,64.93158522988801,1130.1624725143708
2023-12-02,38690.0,39700.0,38657.1,39477.1,39109.2,1964.85562729,25190.0,36544.71157421906,32708.41048491091,68.4434660234426,1123.9294387633445
2023-12-03,39477.1,40117.2,39299.0,39975.1,39662.8,2138.76982162,25997.0,36766.02695652751,32852.30532679386,70.45918601490888,1102.0916217088197
2023-12-04,39975.1,42415.5,39476.0,41984.7,41352.6,7454.60030785,60143.0,37102.71553997735,33033.144825273186,76.87772787082741,1233.3350773010468
2023-12-05,41983.0,44465.0,41427.1,44080.8,43021.0,5566.77459438,48519.0,37552.91453739816,33251.910274277674,81.41389767059016,1362.2325717795434
2023-12-06,44080.8,44277.2,43335.5,43761.7,43875.7,3558.3081874,37862.0,37953.481341436986,33460.02492231178,78.87696763386862,1332.1945309381474
2023-12-07,43761.7,44041.4,42885.0,43291.7,43452.5,2649.07280081,27193.0,38297.882545215245,33654.711557513525,75.16192685092075,1319.63777872828
2023-12-08,43288.1,44699.0,43120.1,44179.5,43813.6,3595.64137028,29015.0,38677.34173584652,33863.123209839985,77.33361566402732,1338.156508819117
2023-12-09,44179.6,44368.9,43606.0,43709.6,43986.0,1720.15913105,20049.0,39002.0035593403,34058.102948258995,73.66247530976476,1297.06675818918
2023-12-10,43709.7,44040.1,43587.6,43788.0,43816.1,1376.78752819,17220.0,39310.77752325383,34250.774177006344,73.88522355245033,1236.7405611756672
2023-12-11,43788.0,43808.4,39999.0,41236.8,41587.8,6918.90506416,48591.0,39435.03703788263,34389.11132201612,56.99338537600093,1420.5019496631196
2023-12-12,41236.9,42300.0,40662.4,41469.9,41512.9,3827.46433532,28685.0,39566.318519309556,34529.32495920392,57.93956913338911,1436.008953258611
2023-12-13,41470.0,43421.5,40606.6,42889.1,42131.0,3664.05069388,30052.0,39780.69151806378,34694.865059021664,63.242033099667005,1534.501170882996
2023-12-14,42889.1,43380.1,41359.0,43016.1,42760.3,3403.66028483,28367.0,39989.42754915645,34859.64198854599,63.68325366125856,1569.2582301056389
2023-12-15,43016.1,43090.9,41697.5,41943.3,42429.4,2421.86125412,25033.0,40115.48383630765,34999.912444218346,57.41392255502482,1556.696927955236
2023-12-16,41943.3,42664.2,41648.8,42231.5,42224.3,1484.46531222,15154.0,40252.00100815877,35143.11219779818,58.593230453865736,1518.0328616727188
2023-12-17,42231.5,42350.0,41238.0,41344.3,41880.6,2873.78647559,17247.0,40322.4719108582,35265.907995861584,53.66633086118683,1489.0305144103818
2023-12-18,41344.4,42709.4,40515.9,42646.1,41520.7,3401.3447875,26546.0,40472.383400480256,35412.050411785116,59.100704705531136,1539.349763381069
2023-12-19,42644.7,43422.7,41820.0,42267.0,42607.6,3052.46535157,24918.0,40588.16511657831,35547.791987789366,57.00392977623443,1543.8747802824207
2023-12-20,42267.1,44300.0,42231.2,43630.0,43620.5,4004.57037215,29328.0,40784.412528411965,35707.83571080344,62.19687364758421,1581.3694388336767
2023-12-21,43630.0,44236.9,43329.6,43869.3,43777.3,2615.35161211,23990.0,40983.437526578935,35869.44886504496,63.04086536594797,1533.2216217741284
2023-12-22,43869.4,44429.4,43450.1,43997.0,43815.8,2630.83766727,27294.0,41177.86091196094,36030.39047167773,63.50906209495082,1493.655791647405
2023-12-23,43997.0,43999.0,43314.0,43750.1,43697.9,1140.85980407,18437.0,41343.811820866686,36183.256006892036,61.87694863563068,1435.8946636725905
2023-12-24,43750.1,43933.1,42680.0,43014.9,43520.6,2343.63343067,18418.0,41451.62396145593,36318.53608596348,57.16586796646702,1422.837901981691
2023-12-25,43014.9,43777.9,42765.0,43604.1,43365.0,1746.95178352,15998.0,41590.493383297486,36462.80467832064,59.80696510758524,1393.556623268713
2023-12-26,43604.1,43604.1,41637.1,42519.1,42524.0,3180.63617197,26339.0,41650.40348760087,36582.731318353886,53.29071647657608,1434.516864463805
2023-12-27,42519.1,43650.0,42150.2,43468.1,42994.2,2143.684396,20736.0,41767.6742303363,36719.07525264391,57.63823177805846,1439.1799455735334
2023-12-28,43467.2,43792.3,42307.2,42616.4,42903.2,2766.35320471,26383.0,41822.43073160492,36835.85396051235,52.88111678098676,1442.4599494611386
2023-12-29,42616.4,43135.8,41300.6,42097.9,42281.4,2612.44640079,27964.0,41840.20294246912,36940.052891987354,50.16658852566242,1470.512810213915
2023-12-30,42097.9,42577.2,41551.8,42150.0,42162.8,1306.55262626,16586.0,41860.1898494066,37043.22016145295,50.44187335300175,1438.719038055778
2023-12-31,42150.1,42874.4,41991.1,42241.1,42457.7,1509.62365704,15673.0,41884.76469783198,37146.148475087546,50.95208171606576,1399.0462496232226
2024-01-01,42241.1,44187.5,42215.7,44180.8,43314.3,2457.30419634,19869.0,42032.89600764927,37285.448505283835,60.31933923058307,1439.9572317929926
2024-01-02,44180.8,45913.4,44113.2,44972.0,45175.4,6462.5537177,45964.0,42222.515620059,37437.657445773264,63.39062737020821,1465.6888580934935
2024-01-03,44975.4,45509.3,39501.0,42849.5,42976.7,7003.5579979,59410.0,42262.966225216485,37544.822644866865,51.80631035683869,1790.161082515387
2024-01-04,42849.5,44784.9,42682.0,44211.9,43806.5,3461.20649181,34669.0,42388.703888105745,37676.84397863188,57.21153457971477,1812.4995766214308
2024-01-05,44210.0,44365.0,42480.0,44179.9,43702.7,3371.04701335,37163.0,42504.2649275828,37805.61736519362,57.04968676914193,1817.6781782913288
2024-01-06,44179.9,44241.8,43451.0,43960.0,43851.0,990.41936124,16180.0,42598.18331935165,37927.48632825909,55.879815356259535,1744.3297369848055
2024-01-07,43960.0,44483.9,43648.1,43915.9,44117.1,1547.79663154,19115.0,42683.197298748324,38046.068777204455,55.63342782421667,1679.4347557716053
2024-01-08,43915.9,47306.6,43208.5,46989.4,45271.9,6838.67422667,52738.0,42961.01682786134,38223.16444498258,66.66511689892627,1852.1965589307763
2024-01-09,46989.5,47988.0,44500.0,46128.7,46421.2,8483.34519719,62186.0,43165.38348412835,38379.70970349778,62.01477804455675,1969.0396618642922
2024-01-10,46128.7,47699.6,44331.8,46664.8,45968.2,8288.08064486,65957.0,43391.15229160395,38543.77089748792,63.71270587610449,2068.951114588271
2024-01-11,46678.1,49000.0,45619.1,46350.4,47006.5,7397.10583103,66493.0,43582.071498597244,38698.35761238915,61.9634177956401,2162.6617492605374
2024-01-12,46350.4,46500.0,41476.0,42800.1,44211.1,9423.71540987,66644.0,43531.6217244942,38779.58023392599,46.45319396101004,2367.043052884784
2024-01-13,42800.1,43230.0,42459.8,42827.9,42852.4,1718.42082056,25811.0,43486.220322913934,38859.74498176904,46.5659824960649,2252.982834821585
2024-01-14,42827.9,43055.0,41717.0,41719.1,42573.2,2802.78187532,25058.0,43372.21256014529,38916.36587321916,42.70250944789947,2187.6269180486147
2024-01-15,41717.1,43318.0,41700.0,42506.4,42589.8,2405.08532051,23846.0,43316.35368529722,38987.45565790789,46.120748175663834,2146.9392810451423
2024-01-16,42499.3,43568.3,42042.1,43134.7,42961.5,2360.50106233,26322.0,43304.6340926974,39069.57930824635,48.74850296190874,2102.6007609704893
2024-01-17,43134.7,43165.0,42190.2,42747.8,42597.0,2079.15524064,21927.0,43268.70931252338,39142.4153615484,47.22122909833191,2022.0435637583118
2024-01-18,42746.1,42877.0,40625.0,41264.7,41618.5,3426.982335,28062.0,43139.41838913478,39184.44079993359,41.8133498351133,2038.469023489861
2024-01-19,41264.8,42140.3,40255.0,41611.9,41184.9,3578.28441991,27090.0,43040.868815642214,39232.5092989448,43.44619679228893,2027.528378954871
2024-01-20,41611.9,41800.0,40000.0,41650.0,41332.4,827.74780718,10244.0,42951.13534366529,39280.38040193599,43.633125508173194,2011.2763518866657
2024-01-21,41649.9,42260.0,41482.8,41554.7,41687.0,892.75638839,10991.0,42861.04274084818,39325.41643358082,43.248061031204756,1923.128041037618
2024-01-22,41554.8,41654.2,39410.9,39510.0,40323.0,4093.73353976,35136.0,42644.846434987005,39329.07155370793,35.9230019182278,1945.9974666777878
2024-01-23,39510.0,40100.0,38518.0,39844.0,39231.1,3365.92043035,30988.0,42464.14666498784,39339.2681566048,37.776949059055006,1919.9976476293743
2024-01-24,39844.0,40492.3,39451.1,40069.8,39930.5,2453.93910708,22651.0,42309.67268660153,39353.734133701735,39.060624821533544,1857.2263870844195
2024-01-25,40069.8,40261.7,39556.2,39924.8,39905.3,1465.24653636,16598.0,42155.80993262724,39365.04236867794,38.51118557720639,1774.9602165783895
2024-01-26,39924.8,42213.6,39810.4,41814.2,41152.8,3399.17302935,27229.0,42133.77058213516,39413.540539595204,48.647550677223826,1819.83448682279
2024-01-27,41814.3,42194.3,41399.9,42126.3,41783.2,1297.45365748,13460.0,42133.28860909418,39467.258548712125,50.11056720666036,1746.589166335448
2024-01-28,42126.3,42800.0,41651.2,42024.9,42312.0,1693.01208312,16833.0,42126.295795604245,39517.90491408416,49.615984921508996,1703.8899401686306
2024-01-29,42025.0,43333.0,41817.8,43269.5,42673.1,1946.95379463,22540.0,42200.05090556526,39592.19392568645,55.43061872080482,1690.4120872994424
2024-01-30,43272.7,43857.2,42716.0,42956.0,43418.5,2446.94412456,22857.0,42248.82181488363,39658.80394695999,53.74800518815462,1651.1826524923392
2024-01-31,42956.0,43742.3,42300.1,42551.7,42961.3,2838.35239346,22977.0,42268.362342955654,39716.089017317216,51.573732098615494,1636.2553201714582
2024-02-01,42551.7,43250.0,41882.5,43075.2,42660.0,2669.02478811,21059.0,42320.41638534561,39782.606066479246,54.15955170752234,1617.0585115877825
2024-02-02,43075.3,43431.5,42546.6,43185.9,43081.1,2184.38096499,18075.0,42376.254037903964,39849.99802555887,54.71027384866255,1564.761475045798
2024-02-03,43185.9,43345.2,42900.1,42982.8,43093.5,526.15799578,10467.0,42415.38603545855,39912.03370822107,53.44171376015671,1484.7856553996696
2024-02-04,42982.8,43091.1,42232.8,42591.4,42791.4,629.56386931,10772.0,42426.74177510639,39965.09046647411,50.9880980244894,1440.0366800139786
2024-02-05,42591.3,43489.0,42250.9,42650.0,42767.9,1582.95704238,20053.0,42441.14553155114,40018.25699189046,51.34825025916166,1425.6126314415517
2024-02-06,42650.0,43339.7,42530.3,43085.0,42972.6,1340.59799225,17580.0,42482.68452951559,40078.98457620946,54.04765825496147,1381.5974434814405
2024-02-07,43085.0,44362.0,42763.7,44333.6,43484.3,3765.68949635,23295.0,42602.09843083717,40163.23438658156,60.77510954890087,1397.0761975184807
2024-02-08,44333.7,45606.2,44333.7,45329.6,44941.7,3551.71897942,29430.0,42778.06627400897,40265.538656154196,65.15715801581703,1388.1850405528749
2024-02-09,45329.6,48188.5,45258.8,47127.0,46918.2,5688.46558971,44582.0,43058.642643427745,40401.40917781451,71.37254601512603,1498.293251941955
2024-02-10,47127.1,48154.0,46900.0,47773.2,47442.9,1605.66098504,18326.0,43362.80763417434,40547.385233699366,73.22198478388657,1480.843733946101
2024-02-11,47766.2,48590.0,47580.9,48295.0,48225.7,1781.36073625,21288.0,43681.01359325987,40700.80334788354,74.64634431048064,1447.147752949951
2024-02-12,48295.0,50339.5,47642.0,49943.7,49395.0,5147.57339488,37650.0,44085.05787756569,40883.8310043611,78.53192999164753,1536.4586277392402
2024-02-13,49943.7,50390.2,48240.0,49755.4,49357.1,3982.47498943,30280.0,44450.886401593714,41059.505637938106,77.078997864737,1580.2972971864372
2024-02-14,49750.1,52136.8,49255.2,51835.1,51182.4,4718.31045495,43123.0,44927.28727891025,41272.88374411754,81.21316267637727,1673.247490244549
2024-02-15,51835.2,52843.0,51335.2,51947.1,52023.5,4193.46649497,39762.0,45380.17842220636,41484.254363045904,81.40764963885977,1661.4298123699386
2024-02-16,51947.1,52574.2,51625.0,52185.3,52071.8,2064.57876753,24426.0,45819.2185239995,41696.156256846974,81.83827764280598,1610.5562543435142
2024-02-17,52185.3,52192.0,50581.2,51700.0,51375.1,2108.88563124,22226.0,46198.62378051566,41894.25217255297,77.88051273347827,1610.5736647475492
2024-02-18,51700.1,52392.1,51231.1,52156.3,51856.2,1645.27261209,20234.0,46582.98998822433,42097.46104042321,78.91310985317342,1578.461260122724
2024-02-19,52157.1,52475.6,51704.8,51771.1,52151.9,1628.6291871,20670.0,46917.70676317761,42289.01824754354,75.70037859945258,1520.7711701139579
2024-02-20,51771.2,52991.8,50663.7,52270.1,51926.9,4612.93475308,31235.0,47263.022455875835,42486.6634307605,77.00634556116223,1578.4375151058182
2024-02-21,52270.1,52359.9,50636.4,51866.9,51351.3,2178.54135636,28718.0,47560.04681356126,42672.41068955732,73.56590600504953,1588.7991211696883
2024-02-22,51866.9,52035.0,50890.2,51300.1,51575.2,1926.74006003,24141.0,47801.340567525054,42843.256022437374,68.905383855428,1557.0848982289965
2024-02-23,51300.1,51472.4,50456.0,50739.4,51031.4,1510.21978084,22003.0,47990.89278897505,42999.61530912178,64.54893643101244,1518.464548355497
2024-02-24,50739.4,51650.0,50589.7,51554.5,51204.8,942.00205046,15680.0,48220.802931621816,43169.018966366886,67.74182749343095,1485.7385091872475
2024-02-25,51554.5,51936.7,51300.0,51733.8,51686.3,1220.61894467,14195.0,48447.447903775246,43338.61859079527,68.41570369206381,1425.0929013881582
2024-02-26,51733.8,54920.0,50950.0,54525.4,53151.3,5241.13945742,43438.0,48839.57384546717,43560.139014739914,76.60883329547161,1606.8719798604327
2024-02-27,54525.4,57572.6,54478.8,57072.6,56401.0,5285.87451429,50826.0,49370.736823178966,43827.71249959655,81.36016388453385,1713.0811241561157
2024-02-28,57066.2,64015.8,56000.4,62487.8,60364.4,10911.28773542,106181.0,50216.99896361904,44197.21918277285,87.27699525771905,2163.2467581449646
2024-02-29,62489.8,63583.5,60108.8,61180.9,61917.9,6805.48164512,70008.0,50924.3474175791,44533.52969400507,80.62531920902457,2256.9219897060384
2024-03-01,61180.9,63150.0,60800.1,62434.3,62082.1,3522.12836667,37012.0,51666.92500354174,44888.00039313368,82.03912818022629,2263.563276155607
2024-03-02,62434.3,62500.0,61663.3,62033.7,62076.8,2212.55763597,22204.0,52335.74919686163,45227.519197230045,80.02906432420542,2161.6444707159208
2024-03-03,62028.6,63255.0,61400.0,63178.2,62450.3,1592.02456275,26888.0,53035.26215190282,45582.97822302747,81.42901667249066,2139.741294236212
2024-03-04,63178.3,68521.0,62262.0,68323.1,65990.5,6106.3085254,70168.0,54021.574271134894,46033.27766415564,86.13443496898685,2433.9740589336257
2024-03-05,68338.6,69218.0,59150.0,63802.3,65181.0,10647.21710186,112409.0,54652.58883428748,46385.139492588205,69.47640266211275,2979.2616261526523
2024-03-06,63805.2,67635.3,62876.6,66098.9,66093.6,4896.523842,58924.0,55391.060522397966,46775.51098778448,72.39691632538606,3106.364367141749
2024-03-07,66098.9,68050.0,65668.0,66936.5,67131.9,3147.25047656,43026.0,56135.92758546907,47174.73849297687,73.39667557047727,3054.6240552030526
2024-03-08,66936.7,70000.0,65200.0,68333.0,68167.0,4438.29990823,60515.0,56922.835483180745,47593.71396836346,75.02110203305163,3179.2937655456917
2024-03-09,68333.0,68657.4,68047.8,68459.1,68374.9,964.99996567,21161.0,57667.11061329812,48006.889929385965,75.16854536490581,2995.744210863856
2024-03-10,68459.1,69981.0,68254.9,69040.1,69351.8,2360.95657907,38143.0,58400.85186405308,48423.38913870505,75.87512744550082,2905.055338659295
2024-03-11,69040.1,72866.4,67187.3,72100.0,71317.5,5547.01813187,62666.0,59284.66787282385,48892.23291813664,79.22758463437108,3103.201385897916
2024-03-12,72100.1,73000.0,68660.2,71484.7,71246.7,3980.18577146,56539.0,60071.76671973844,49339.608503916104,76.91305554881663,3191.5298583337794
2024-03-13,71480.8,73666.5,71336.1,73082.4,72897.1,2818.46739181,40002.0,60911.16241523919,49809.76279096727,78.65663640881775,3130.0205827385093
2024-03-14,73089.7,73734.0,68554.9,71371.2,71119.1,4983.78363201,55646.0,61586.00354973989,50236.72194362138,72.35391794968774,3276.3833982571878
2024-03-15,71371.3,72500.0,65600.0,69488.8,68474.4,5903.81785283,81362.0,62095.86138524055,50617.951212064516,66.08106117599402,3535.2131555245314
2024-03-16,69488.9,69999.0,64802.6,65249.6,67524.4,2550.190718,41076.0,62299.328392644384,50907.686831627594,54.60064204401356,3653.869358701351
2024-03-17,65249.6,68815.6,64555.0,68355.6,66955.8,2581.90048305,36130.0,62690.055593118945,51253.19006268447,60.073832797820224,3697.207261651255
2024-03-18,68355.6,68898.3,66569.4,67600.0,67649.5,2892.32240992,38800.0,63006.8262000145,51576.88926936399,58.234557104051916,3599.471028676166
2024-03-19,67600.0,68075.0,61537.5,61908.4,64246.8,6851.4328518,69108.0,62935.959993561955,51781.47364026767,46.648700584771035,3809.3302409135827
2024-03-20,61905.3,68137.3,60778.2,67866.0,64528.6,6500.53270463,63905.0,63254.027090751515,52099.979112737616,56.421910170414115,4062.8852237054703
2024-03-21,67866.1,68238.0,64564.4,65499.9,66469.8,2710.17809746,36754.0,63398.92211715465,52365.32408080222,52.3224495687616,4035.0791362979367
2024-03-22,65500.0,66614.8,62204.1,63810.1,64187.7,2845.9453118,38432.0,63425.44972249952,52591.953306924945,49.55334835025794,4061.9091979909417
2024-03-23,63810.0,65970.0,63050.4,64034.5,64604.1,1933.65360997,25782.0,63464.743288789876,52818.538389956135,49.93229725655846,3980.315683848731
2024-03-24,64034.4,67614.8,63825.0,67193.9,65623.2,1806.6128305,29362.0,63705.334044351825,53103.1990158976,55.051792396203346,3966.7074207166793
2024-03-25,67199.1,71217.1,66438.4,69950.0,69172.9,4434.31051831,46157.0,64108.21571890978,53436.79903538477,58.99112264535871,4024.706890665489
2024-03-26,69950.1,71557.7,69116.8,70000.1,70297.5,2600.32974153,33710.0,64488.33728543173,53764.785193099924,59.06136043846147,3911.577827046525
2024-03-27,70000.1,71746.9,68366.5,69437.3,69737.3,3899.00360403,36854.0,64807.625202500654,54075.13202095933,57.86243891020538,3873.636553686058
2024-03-28,69437.2,71546.3,68800.0,70742.2,70498.1,3156.06986933,31994.0,65190.50099588771,54405.17297103935,59.895222959122854,3793.112514137054
2024-03-29,70742.2,70911.4,69128.7,69917.1,70036.3,1885.11342092,25085.0,65495.44286712077,54712.33984289996,57.990241276445516,3649.5116202701215
2024-03-30,69917.0,70354.4,69607.6,69652.0,70007.6,669.4307169,16293.0,65763.60784343556,55008.174697496,57.35901060410612,3442.175075965112
2024-03-31,69652.0,71323.9,69600.0,71306.8,70484.6,1097.39096998,17719.0,66121.23314385908,55330.919752991125,60.26645214516614,3319.4411419676035
2024-04-01,71306.7,71306.8,68101.0,69681.1,69424.3,2039.09077986,30706.0,66350.90197328753,55615.081738080415,56.21147616900938,3311.3239175413464
2024-04-02,69681.1,69699.9,64572.7,65457.6,66237.0,3892.19127401,49119.0,66293.26958791414,55809.98308980159,47.306198145458374,3441.0293520026785
2024-04-03,65457.6,66902.0,64541.2,65991.5,65986.8,1507.14098717,27797.0,66273.80058224226,56011.59728604314,48.41866524040151,3363.8701125739162
2024-04-04,65991.4,69354.7,65116.1,68527.4,67608.9,2782.22826481,35929.0,66419.19409306534,56259.43496354723,53.44603890271271,3426.350818818636
2024-04-05,68527.4,68755.0,66004.5,67856.5,67382.6,3264.19092426,38198.0,66511.92350641596,56489.079815754216,52.00199969385209,3378.0757603315906
2024-04-06,67856.5,69693.1,67513.7,68908.6,68374.4,1622.37758547,21772.0,66666.54779632461,56735.010908511555,54.09655879083012,3292.456063165049
2024-04-07,68908.6,70300.0,68888.0,69386.1,69470.7,1592.35234659,25350.0,66842.0027772069,56985.52752418459,55.055186753549144,3158.137772938974
2024-04-08,69386.0,72731.5,69114.5,71650.0,71499.5,3524.06053669,35795.0,67152.19614641936,57275.91311776509,59.38581711047562,3190.913646300476
2024-04-09,71650.1,71738.0,68263.2,69159.9,69884.8,3982.98709625,33120.0,67281.72542729553,57511.239590680634,53.302212199684405,3211.1912429932995
2024-04-10,69159.9,71100.1,67500.0,70612.2,69036.9,2906.12976057,31855.0,67496.59475456679,57770.66454928101,56.125252804865994,3238.9704399223497
2024-04-11,70612.3,71250.9,69600.1,70046.4,70441.8,1971.1214094,24454.0,67661.09831878828,58013.74841959228,54.73692350018693,3125.529694213609
2024-04-12,70046.4,71200.0,65118.0,67205.2,68195.0,5854.23308811,57182.0,67631.68552402775,58195.757361778575,48.27869706761322,3336.7061446269227
2024-04-13,67199.8,67946.1,60495.0,64042.4,64635.8,5688.40092704,70957.0,67400.11871602596,58311.53246352553,42.296123393805395,3630.5914200107145
2024-04-14,64018.6,65835.1,62665.7,65700.0,64206.6,2418.68585252,32825.0,67290.43363757267,58457.838751376505,46.06811571477111,3597.6491757242356
2024-04-15,65700.0,66898.7,62355.9,63408.4,64681.1,3187.66710088,37021.0,67039.97985450347,58555.869667190826,41.982325535601845,3665.15994888679
2024-04-16,63441.8,64341.9,61551.0,63832.6,62906.5,3089.16803046,35941.0,66833.05212195487,58660.3593767514,42.99028032014283,3602.712809680591
2024-04-17,63832.6,64444.0,59700.0,61284.4,61725.9,3856.04073894,44574.0,66475.07456569972,58712.32057721177,38.6467645230707,3684.2333232748347
2024-04-18,61284.4,64142.7,60857.6,63509.1,62587.9,2723.02362572,33781.0,66283.72136791264,58807.30630835609,43.96931386210034,3655.723800183775
2024-04-19,63499.5,65499.9,59666.0,63849.1,63454.9,4458.81980276,47188.0,66126.6490215957,58907.143807200526,44.758070828441774,3811.3078144563624
2024-04-20,63846.0,65424.1,63164.0,64993.7,64565.4,2049.04182914,22742.0,66053.55553633146,59027.669672404474,47.4404984533534,3700.5072562809078
2024-04-21,64993.8,65715.3,64281.0,64953.6,64972.5,1341.96718412,20250.0,65982.59066301976,59145.01482740637,47.35374459118353,3538.6353094037004
2024-04-22,64953.0,67200.0,64543.1,66831.4,66108.5,2626.8865329,30124.0,66037.35255572817,59297.22047438842,51.79889269446879,3475.654215874865
2024-04-23,66831.4,67190.0,65853.8,66419.8,66444.0,1878.08289759,22754.0,66062.02658439087,59438.261653113404,50.78666284430668,3322.8360575980882
2024-04-24,66419.8,67000.0,63583.4,64291.3,65300.8,2418.73244785,30431.0,65947.78615959147,59534.36142235868,45.80210050809731,3329.5334820553676
2024-04-25,64291.3,65300.0,62743.5,64489.1,64094.3,2429.37373644,26865.0,65853.6773751017,59632.475057559495,46.329272289251506,3274.3168047656986
2024-04-26,64489.1,64760.8,63338.4,63750.8,64157.3,1618.43949102,20807.0,65718.00786703062,59714.02604651872,44.58602221511953,3142.03703299672
2024-04-27,63750.8,63893.0,62396.6,63425.0,62951.9,1349.33386371,20574.0,65570.0718756093,59787.51067926092,43.80275750476838,3024.4915306398116
2024-04-28,63425.1,64301.0,62785.8,63114.9,63630.5,767.9538549,14007.0,65411.67369008612,59853.399576701304,43.027946427957275,2916.684992736968
2024-04-29,63114.1,64125.0,61774.6,63822.1,62792.1,1659.82104486,23883.0,65309.12054879025,59931.98770389534,45.399935554662505,2876.2360646843276
2024-04-30,63822.1,64738.3,59110.0,60610.0,61334.5,4103.94734501,46707.0,65005.951481126365,59945.41368995682,37.71858330878747,3072.8120600640186
2024-05-01,60610.0,60775.0,56378.0,58272.2,57940.7,5815.31538446,56786.0,64571.51590169886,59912.28074560124,33.30227550914657,3167.396912916589
2024-05-02,58272.3,59602.1,56929.9,59124.1,58540.8,2549.0291634,31233.0,64220.069714492485,59896.67320608438,36.23229620570053,3132.0257048511185
2024-05-03,59113.2,63284.0,58848.7,62925.8,61260.1,3761.9953227,33396.0,64136.56844258975,59956.655914874784,47.3482427338002,3225.1167259331814
2024-05-04,62925.8,64500.0,62550.4,63895.3,63484.9,2487.05794265,23702.0,64121.00273661622,60034.648867055475,49.75373575962856,3134.0083883665257
2024-05-05,63898.0,64646.7,62937.0,64067.5,63860.6,1244.95349901,16729.0,64117.55094715711,60114.5073053316,50.189033305810874,3032.2720749117734
2024-05-06,64067.5,65500.0,62720.2,63161.7,63916.2,2920.39142681,28788.0,64055.88314411472,60174.847754730974,47.84119433632245,3014.2383552752185
2024-05-07,63161.7,64332.9,62305.0,62325.0,63483.0,2316.13898234,24651.0,63944.213263849255,60217.42502691452,45.713889225108915,2943.7856156127027
2024-05-08,62325.0,62966.2,60888.9,61172.1,62076.5,1624.82227794,26541.0,63765.367246826725,60236.329481827095,42.88424342316037,2881.893785926081
2024-05-09,61172.1,63418.5,60650.7,63051.9,62101.3,1439.28575126,25942.0,63719.337101870165,60292.08335347408,48.48355320564915,2873.7442297885036
2024-05-10,63052.0,63521.1,60220.2,60794.6,61688.7,2069.44661807,30694.0,63530.644385620486,60302.03417815776,43.02852121364205,2904.255356232182
2024-05-11,60790.8,61437.2,60484.0,60805.0,60987.9,792.96458373,13638.0,63354.796360741755,60311.99389740216,43.060308006822034,2764.8942593584543
2024-05-12,60805.0,61800.0,60638.9,61444.6,61299.3,668.22060849,11630.0,63231.55788585519,60334.421741017955,45.08941565721954,2650.337526547136
2024-05-13,61444.6,63400.0,60773.2,62910.0,62568.2,1728.04946494,25694.0,63210.81221580002,60385.42329070077,49.5273276908883,2648.656274650912
2024-05-14,62910.0,63075.0,61000.0,61568.6,61746.4,1843.73972575,25935.0,63104.863040587115,60408.85253246906,45.872539556782336,2607.680826461561
2024-05-15,61568.6,66450.0,61325.4,66233.0,64534.2,4260.46874397,44050.0,63306.67832829117,60524.18218529146,57.59156980719732,2787.460767428592
2024-05-16,66233.1,66700.0,64557.0,65228.4,65616.2,2547.4399975,29516.0,63430.66037162722,60617.335013305485,54.83774877726553,2741.427855469407
2024-05-17,65228.4,67443.0,65121.1,67043.5,66599.4,2179.14176715,29398.0,63663.746799264176,60744.58580512122,58.68197078256538,2711.461580078735
2024-05-18,67043.6,67362.9,66620.4,66920.0,66969.3,565.40186442,14082.0,63873.827650924555,60866.87123472278,58.318233079810895,2570.821467215968
2024-05-19,66920.1,67984.0,65922.0,66262.4,67000.1,1096.64003357,18556.0,64027.92909280039,60973.71338849064,56.31653271863948,2534.4770767005416
2024-05-20,66262.5,71464.9,66111.0,71408.1,68873.5,3168.46551312,44283.0,64504.0691513294,61180.33490555023,66.11694966842919,2735.864428364788
2024-05-21,71399.0,71896.4,69202.0,70145.1,70623.9,2366.52579535,34455.0,64868.006625437185,61357.85500643042,62.41556736443694,2732.9026834815886
2024-05-22,70145.1,70594.2,68725.2,69144.0,69785.5,2667.19208346,26690.0,65143.87716573157,61512.036095412,59.568945118939986,2671.1953489471894
2024-05-23,69144.1,70500.0,66250.0,67940.8,68577.2,3538.19855776,34662.0,65324.3238002005,61639.33835094839,56.248524542870314,2783.967109736676
2024-05-24,67947.0,69285.3,66652.4,68539.1,68100.1,1803.19203512,24678.0,65531.728716316604,61775.96729449397,57.516637480686285,2773.1766018983426
2024-05-25,68541.0,69608.3,68540.6,69278.7,69056.2,627.9022252,14226.0,65773.46879913489,61924.53625895943,59.094991078569045,2651.4639874770323
2024-05-26,69278.7,69461.2,67971.1,68476.4,68926.9,481.57199102,14241.0,65947.85145725522,62054.27613501964,56.63683762776316,2568.509416942958
2024-05-27,68474.4,70600.0,68266.6,69377.8,69531.7,1340.86348323,23310.0,66169.13846001295,62199.296409573704,58.71471106914707,2551.715887161318
2024-05-28,69377.8,69509.6,67243.1,68324.9,68161.5,1727.62002411,25966.0,66308.21984968954,62320.59549057225,55.376760167236334,2531.343323792652
2024-05-29,68325.0,68843.3,67100.0,67575.4,67781.8,1916.8414627,21965.0,66389.9734077741,62424.6510254124,53.064144936209765,2475.05451495032
2024-05-30,67575.4,69550.0,67099.9,68365.0,68503.7,2098.19011204,25159.0,66517.3944782403,62542.28169817651,55.18737198142927,2473.2720495967264
2024-05-31,68365.0,69000.0,66652.4,67498.1,67756.6,1214.31751664,22910.0,66580.6658022248,62640.416714054205,52.38549353817962,2464.2954746255323
2024-06-01,67498.1,67817.9,67383.3,67717.2,67655.1,262.42915492,9996.0,66653.99058917804,62740.94707615214,53.034496408980225,2319.3172264379937
2024-06-02,67717.2,68379.9,67283.0,67729.1,67858.9,686.52833716,12673.0,66723.35248665043,62839.722381574866,53.07191000705742,2232.001710263851
2024-06-03,67729.2,70253.4,67636.9,68800.0,69135.8,1647.26346475,25377.0,66857.32974557621,62957.74768094962,56.43526141833112,2259.465873816433
2024-06-04,68800.0,71050.0,68600.1,70558.6,70079.6,2378.57312613,26623.0,67096.12137489388,63108.259608059525,61.33587427783815,2273.068311400973
2024-06-05,70558.7,71709.0,70378.9,71103.6,71096.3,2163.80748451,25310.0,67354.66838296523,63266.58318017716,62.73491860230578,2205.7134320151895
2024-06-06,71116.3,71596.5,70100.0,70752.1,70986.6,1460.01352187,19241.0,67573.85751954812,63414.81123601523,61.19688402280322,2155.0553297283905
2024-06-07,70752.1,71900.0,68409.0,69317.0,70490.2,2531.8726325,32830.0,67686.31832473858,63531.68626104463,55.242069741987926,2250.4799490335054
2024-06-08,69317.1,69511.2,69138.0,69291.5,69345.9,601.46220651,12379.0,67789.87843281995,63645.74197864771,55.139399722421054,2116.3885241025405
2024-06-09,69291.5,69809.8,69155.3,69649.9,69520.8,421.24841694,12724.0,67909.87982425092,63764.63619689231,56.366846881317976,2011.9679152380734
2024-06-10,69649.9,70142.5,69186.7,69522.1,69627.2,1227.00068662,17436.0,68013.89402913795,63878.64538111226,55.780749733629506,1936.5273498639256
2024-06-11,69522.2,69558.7,66059.3,67348.6,67317.9,2498.48126829,33800.0,67970.9718337097,63947.3573537635,46.85723408182101,2048.1611105879306
2024-06-12,67348.6,69969.0,66923.0,68233.7,68567.0,1900.53489755,29809.0,67987.9220379865,64032.2354259662,50.34113512017044,2119.435316974507
2024-06-13,68233.7,68412.0,66244.9,66756.5,67176.0,1247.85112117,24196.0,67908.4754548906,64086.18125911539,45.034725000099336,2122.839937190614
2024-06-14,66756.4,67275.7,65075.0,65992.1,66086.1,1703.77477408,27955.0,67784.83832876863,64123.922224281414,42.53609750800566,2128.401370248427
2024-06-15,65992.1,66405.3,65794.7,66198.1,66186.6,447.31797306,12834.0,67682.46811400936,64164.995051523365,43.44672959514475,2019.9869866592542
2024-06-16,66198.1,66868.7,66020.0,66635.4,66468.1,542.32670314,10249.0,67614.91533246037,64213.91396139419,45.42391392568469,1936.3236304693073
2024-06-17,66630.0,67267.0,65110.0,66487.6,66100.0,1178.55800856,22430.0,67542.18531101132,64258.93744730717,44.853142852644226,1952.0862282929281
2024-06-18,66487.7,66556.5,64050.0,65169.7,65111.8,2452.72181677,34259.0,67389.12174255897,64276.97234934069,40.023796121580446,1991.6872119862905
2024-06-19,65169.7,65660.1,64700.0,64949.0,65112.4,645.03059222,15441.0,67231.69453336162,64290.279827571576,39.26142553736508,1918.0024111301275
2024-06-20,64949.1,66444.7,64550.0,64833.3,65330.0,1301.88144048,19343.0,67076.959402177,64301.03270227313,38.84370654008449,1916.3379531922612
2024-06-21,64833.3,64999.9,63335.6,64087.9,64028.4,1178.24286298,22945.0,66884.11686010107,64296.81225272316,36.17347393952212,1898.3352422499572
2024-06-22,64088.0,64442.5,63932.2,64253.0,64264.8,355.67535869,9469.0,66714.36738525584,64295.94468336231,37.203168757766754,1799.189867803532
2024-06-23,64253.0,64496.6,63176.0,63176.1,63970.5,554.13121587,12521.0,66486.09207007806,64273.76954111751,33.41631241995364,1765.0048772461366
2024-06-24,63176.1,63277.8,58448.0,60297.0,60748.3,3701.59188295,46612.0,66086.79580749238,64195.02162941221,25.84270319640339,1983.9188145856986
2024-06-25,60297.1,62364.8,60245.0,61794.0,61359.5,1534.90147875,25162.0,65809.84123926707,64147.476646651565,34.19409690692082,1993.6246135438632
2024-06-26,61794.1,62454.4,60689.9,60815.1,61379.0,827.76878602,19898.0,65487.59986899178,64081.488990282225,31.681557923007603,1977.2585697193015
2024-06-27,60815.2,62297.8,60580.7,61617.1,61491.3,878.31549593,20197.0,65237.89020002458,64032.68920829643,35.84104406656857,1958.6758147393518
2024-06-28,61617.1,62100.0,59942.7,60319.6,60940.8,880.35674383,21465.0,64920.581154861706,63959.16268932026,32.403764355917986,1972.863256543684
2024-06-29,60319.6,61102.1,60307.7,60860.0,60859.3,495.32479065,11596.0,64658.6081771287,63897.7931311159,35.19154468726143,1888.6873096477066
2024-06-30,60860.0,62916.3,60660.7,62680.3,61800.8,819.171369,15253.0,64530.97539150749,63873.68435624232,43.62549591177493,1914.8953589585851
2024-07-01,62680.4,63798.9,62489.9,62858.5,63155.0,1408.61107175,23148.0,64423.07375334572,63853.58169572267,44.38847673028323,1871.617119032972
2024-07-02,62858.6,63168.6,61747.0,62019.9,62231.5,924.08073447,20035.0,64268.03028538794,63817.2711670945,41.53928457746048,1839.4730391020453
2024-07-03,62020.0,62178.9,59341.6,60146.6,60374.0,1615.05745394,31614.0,64002.131557298395,63744.58460933025,35.982982887283654,1910.7463934518994
2024-07-04,60146.6,60399.3,56777.0,57021.1,58052.2,2727.52009454,42227.0,63551.74242456947,63611.44630023461,29.01061110216304,2033.0002224910497
2024-07-05,57031.4,57520.4,53563.3,56650.1,55566.8,4102.76018281,53763.0,63106.47517137144,63473.59785864581,28.30939315330241,2170.4359208845462
2024-07-06,56650.1,58468.0,56028.6,58234.9,57066.3,995.59225603,18053.0,62792.179999024906,63369.861267385495,35.483267227448934,2189.6476408213643
2024-07-07,58234.9,58396.7,55727.7,55845.4,57128.8,940.57443934,19203.0,62344.00064424911,63220.86203436796,30.523678947181153,2223.8870950484097
2024-07-08,55845.4,58129.8,54301.3,56699.3,56161.1,2283.59009877,31517.0,61979.826409136265,63091.72219210325,34.07009074589807,2338.502302544952
2024-07-09,56699.3,58245.2,56325.2,58001.6,57493.7,1412.64260222,24721.0,61723.1666408049,62990.927693249716,39.16996130020372,2308.6092809345982
2024-07-10,58001.6,59474.1,57154.1,57743.1,58130.0,1511.28549023,28726.0,61466.38814784975,62887.01031318536,38.532811482892306,2309.422903724984
2024-07-11,57742.1,59500.0,57075.5,57350.0,58136.7,1532.40446222,25327.0,61200.81471895622,62777.36654460743,37.532975874262746,2317.6426963160566
2024-07-12,57350.0,58494.9,56593.3,57911.4,57563.0,1135.13837554,24512.0,60988.59441450743,62681.01077144688,39.930197325583165,2287.9253608649096
2024-07-13,57911.5,59836.5,57784.1,59222.8,58741.8,985.88672616,16359.0,60874.67219421663,62612.53135023011,45.21874884632537,2271.10212080313
2024-07-14,59222.8,61373.5,59222.8,60810.0,60078.6,1537.75585929,22028.0,60870.499794589756,62576.83766012654,50.85791943744727,2262.501969317192
2024-07-15,60810.0,64900.0,60704.5,64764.2,63119.7,2989.71251023,38137.0,61121.706259454935,62620.151765866605,61.49288193211583,2400.573257223107
2024-07-16,64764.3,65416.3,62466.0,65088.7,64315.2,3185.16204963,46923.0,61377.6413394901,62669.03390911677,62.21554578011444,2439.839453135742
2024-07-17,65077.1,66100.3,63853.1,64120.0,64968.4,1952.5629658,30598.0,61554.56770468429,62697.76591091644,58.67548066331536,2426.079492197475
2024-07-18,64120.1,65097.1,63225.5,63960.7,64122.8,1495.39840213,22956.0,61709.80204631756,62722.77450673987,58.09011701864068,2386.473814183369
2024-07-19,63960.7,67429.0,63350.0,66708.9,65974.4,2068.88597692,33655.0,62032.32449494224,62801.70768482423,64.64337334745935,2507.3685417417
2024-07-20,66708.9,67612.9,66301.4,67166.1,66962.5,878.57703216,21176.0,62363.535817849195,62888.131295025734,65.60688029045707,2421.9493601887216
2024-07-21,67166.1,68313.0,65857.0,68137.1,67262.3,1510.0800522,26488.0,62736.02382960086,62992.07126938166,67.62475755342584,2424.38154874667
2024-07-22,68137.2,68531.4,66600.0,67595.1,67670.2,1381.72971405,30477.0,63049.512614787905,63083.220353156285,65.32097966799034,2389.1685809790506
2024-07-23,67595.2,67761.1,65458.8,65900.8,66334.1,2538.76002268,33824.0,63233.466639640304,63139.01400952943,58.60033838360484,2382.96368233769
2024-07-24,65900.8,67098.3,65134.4,65367.0,66027.5,1565.37594373,23358.0,63371.113953211905,63183.132543994194,56.6236912582574,2353.0305621707125
2024-07-25,65360.4,66090.9,63427.5,65795.4,64561.0,1783.90500659,29923.0,63527.519504617594,63234.860612429955,57.85242336473221,2375.199807729947
2024-07-26,65794.2,69000.0,65755.6,67914.7,67318.8,2487.78967158,35371.0,63810.56340754549,63327.53069931253,63.37906940384754,2437.2855357492363
2024-07-27,67914.7,69398.3,66624.3,67900.8,68310.0,3068.23357372,41232.0,64074.44963931675,63418.090487444955,63.320423201316295,2461.336568910005
2024-07-28,67912.9,68282.0,67090.9,68250.0,67742.1,995.06551127,17384.0,64343.83998516729,63513.77186393119,64.21624991274089,2370.605385416434
2024-07-29,68250.0,69985.0,66429.9,66755.3,68162.0,2738.33894061,44411.0,64499.41805064037,63577.96053989295,57.718281894602384,2455.2121436009743
2024-07-30,66755.4,66973.7,65337.5,66175.1,66247.3,1726.18820443,27016.0,64607.52656350229,63629.38904405348,55.375878795015815,2396.7112762009046
2024-07-31,66175.1,66799.9,64524.6,64638.1,65782.4,1565.48572184,31057.0,64609.49904327634,63649.363518428654,49.62979983998645,2388.0390421865545
2024-08-01,64638.1,65550.0,62250.0,65300.0,63816.6,2421.32198213,41316.0,64654.04749209723,63682.04938935086,51.94247967201404,2453.1791106018004
2024-08-02,65300.1,65500.0,61205.0,61409.9,63379.6,2656.60031785,39943.0,64444.74765389741,63637.056332135995,40.24678341542424,2584.737745558815
2024-08-03,61410.0,62126.7,59826.5,60688.5,61035.2,2560.01992687,34330.0,64202.40909558145,63578.66907803429,38.514848177525884,2564.4136208760424
2024-08-04,60688.6,61040.4,57176.3,58103.0,59114.9,1993.41704536,33118.0,63808.898831350394,63470.23998738015,33.028943669537824,2657.2483622420395
2024-08-05,58103.1,58270.3,49111.0,54006.5,52908.5,10612.00555526,135740.0,63176.48600352134,63282.839195550834,26.57115789469455,3121.680622081894
2024-08-06,54012.4,57056.5,53978.6,56080.0,55873.3,3145.82396579,46055.0,62718.64819684255,63140.208716431014,33.643278143809056,3118.5534347903304
2024-08-07,56080.0,57720.8,54556.5,55091.0,56166.4,2780.75950654,42119.0,62226.541861562386,62980.81844481852,32.05733606577182,3121.821046591021
2024-08-08,55138.1,62700.0,54760.3,61704.7,58958.1,3570.74854621,47336.0,62192.8746446874,62955.548772643895,49.277063919576186,3465.955257548805
2024-08-09,61701.9,61732.2,59572.9,60859.9,60603.9,3535.85878338,35746.0,62106.87628051402,62914.050777145996,47.616944485311556,3372.6227391524617
2024-08-10,60859.9,61444.6,60284.3,60951.7,60844.5,745.15375745,18724.0,62032.34877854538,62875.192345915384,47.822651912329356,3214.599686355857
2024-08-11,60951.8,61800.0,58329.9,58717.7,59900.6,1657.2962015,26464.0,61818.50047025213,62792.86576480815,43.36018096401646,3232.8497087590104
2024-08-12,58717.7,60658.4,57690.0,59359.9,59074.0,1772.47497441,35652.0,61659.88108507458,62724.886244712936,44.95043837121113,3213.9604438476526
2024-08-13,59359.5,61555.0,58441.2,60600.0,60028.1,2442.99193825,32890.0,61591.501660231064,62682.80928937208,47.98730696494231,3206.8061264299636
2024-08-14,60600.1,61773.4,58500.0,58693.6,60047.6,2297.26406239,28085.0,61404.5402627968,62603.81504601818,43.971393300217414,3211.562831684966
2024-08-15,58693.7,59885.4,56117.7,57554.9,58113.0,2578.85459852,31098.0,61156.17637487443,62503.83653025544,41.72525269141484,3251.28691513604
2024-08-16,57555.0,59800.0,57100.9,58898.4,58591.9,1659.79839491,24337.0,61010.51338294705,62432.4417474781,45.27705824438026,3211.844992626323
2024-08-17,58895.6,59682.2,58812.4,59473.3,59359.2,456.34171482,11820.0,60911.33832598273,62373.844881191406,46.77208029139588,3044.5560645815854
2024-08-18,59473.4,60234.4,58451.6,58466.5,59703.1,812.95931566,16003.0,60753.60682108062,62296.47171522721,44.480257491304165,2954.4306313971865
2024-08-19,58466.5,59593.0,57860.8,59493.7,58625.6,1313.0208045,22221.0,60672.32251004316,62240.97128522272,47.31663692060051,2867.1284434402446
2024-08-20,59493.7,61391.9,58572.7,59023.3,59981.6,2101.76376736,32159.0,60565.93396100812,62177.255022149,46.15379341612499,2863.704983194513
2024-08-21,59023.3,61800.0,58844.0,61179.7,60416.4,2153.31118019,27946.0,60605.53176997535,62157.50145735397,51.979884810174326,2870.2974843949046
2024-08-22,61179.8,61416.7,59805.7,60391.1,60654.8,1586.14888616,24398.0,60591.697462235,62122.52321067369,49.85543336936625,2780.3476640809827
2024-08-23,60391.1,64950.9,60390.0,64087.4,62572.4,3155.25945614,37763.0,60817.22665821984,62161.43166194748,58.43121886210468,2907.5299737894843
2024-08-24,64087.5,64481.2,63641.0,64176.0,64113.2,953.24449315,19980.0,61033.921712528245,62201.32410428515,58.61392597301452,2759.863547090235
2024-08-25,64176.1,65070.7,63834.5,64288.1,64304.4,707.02067492,17564.0,61243.86869881675,62242.6463992498,58.86030616494481,2651.0304365837897
2024-08-26,64288.1,64455.5,62851.0,62854.7,63589.7,1136.40633879,25632.0,61347.79329889309,62254.76627253198,54.400642954151046,2576.2782625420905
2024-08-27,62851.1,63200.0,58009.6,59458.0,60980.2,2317.8799107,35201.0,61225.87115057741,62199.38476218481,45.58632686993614,2763.001243789084
2024-08-28,59458.0,60216.2,57870.8,59025.6,59207.7,1959.75911169,31780.0,61083.91817312081,62136.53753917125,44.59574318452401,2733.1725835184347
2024-08-29,59025.6,61143.1,58717.4,59385.5,59960.2,1464.07565396,24266.0,60974.34280711302,62082.06154829657,45.65427233803293,2711.2102561242605
2024-08-30,59385.5,59899.0,57755.0,59105.0,58775.5,1521.27611375,26903.0,60853.7400453638,62023.109834468916,44.933716349889345,2670.6952378296705
2024-08-31,59110.0,59443.0,58736.9,58972.3,59102.1,558.76100338,15276.0,60732.35681663065,61962.69775853884,44.57528730231781,2530.3670065561228
2024-09-01,58972.3,59026.7,57210.0,57321.2,58115.5,1772.08376068,25731.0,60512.28218329965,61870.7869118351,40.27091799133714,2479.3907918021137
2024-09-02,57318.5,59388.0,57124.2,59128.6,58224.2,1728.8002215,22894.0,60423.01236502226,61816.486180907676,46.375352131820016,2463.9914495305343
2024-09-03,59128.7,59773.0,57406.4,57497.6,58269.9,1444.7019588,25883.0,60234.27608340792,61730.96368227584,42.185425897536405,2457.03491742121
2024-09-04,57482.4,58508.0,55617.7,57970.0,57167.3,2253.64124921,37422.0,60088.193755446126,61656.48915391394,43.77005428704488,2487.9824233196955
2024-09-05,57970.1,58285.9,55601.5,56163.9,56667.6,2115.36409133,33646.0,59835.01351315928,61547.725012252275,39.3314479994897,2502.0122502254317
2024-09-06,56163.9,56964.1,52569.0,53948.3,54852.3,3806.68584457,55000.0,59455.22554456836,61397.24134864332,34.68476974798941,2637.232803780758
2024-09-07,53948.3,54810.2,53739.0,54146.4,54166.4,1015.36745899,21584.0,59112.72067072525,61253.6603318385,35.41942297390811,2525.3733177964177
2024-09-08,54146.5,55317.6,53636.6,54856.8,54448.7,980.64078512,19909.0,58838.145143581685,61126.989830217935,38.10789986532455,2465.060937953817
2024-09-09,54856.9,58050.8,54580.3,57062.7,56169.0,1806.65055351,30804.0,58723.600295608674,61046.508843480944,45.671058073204996,2536.8780138142583
2024-09-10,57062.7,58000.0,56440.2,57630.0,57115.3,1234.54187638,20562.0,58653.04543782747,60978.85520301597,47.449566450888184,2467.08672711324
2024-09-11,57630.0,57990.0,55548.1,57350.6,56884.3,2108.12975023,25601.0,58569.01669990313,60907.00856533248,46.63976358371566,2465.2876751765803
2024-09-12,57350.7,58546.4,57339.0,58133.1,58013.4,1392.83982615,23323.0,58540.893041844865,60852.07968285065,49.251977924773634,2375.4385555211106
2024-09-13,58133.4,60657.4,57658.3,60581.0,59117.1,2992.83088973,32440.0,58672.512845596815,60846.711768338755,56.436641372169696,2419.9858015553173
2024-09-14,60581.1,60650.0,59478.3,60000.1,60124.5,1011.96700566,18220.0,58758.163629751856,60829.9471788667,54.466010588280525,2330.8225300156514
2024-09-15,60000.2,60350.0,58679.1,59135.1,59668.2,911.81154664,15589.0,58782.482105251736,60796.38584859211,51.57794185370283,2283.685206443105
2024-09-16,59135.1,59176.7,57488.7,58197.2,58225.5,1394.86006272,23357.0,58744.72196942905,60744.91682188732,48.570614733589835,2241.1362631257402
2024-09-17,58197.3,61300.0,57619.9,60317.2,60050.4,2381.81722631,31003.0,58846.172164949756,60736.447181849944,54.962834793957924,2343.919387188187
2024-09-18,60317.1,61777.7,59164.6,61777.7,60292.5,2374.42823592,34518.0,59035.30299301752,60757.06604953608,58.76520668081879,2363.146573817602
2024-09-19,61777.7,63840.0,61599.2,62922.1,62800.1,2674.7679481,32072.0,59286.0640902422,60799.938008951205,61.5075396556647,2354.4075328306308
2024-09-20,62922.2,64087.0,62373.3,63210.2,63164.5,2234.54850294,37364.0,59539.23414893625,60847.66596917,62.189283713023386,2308.642709057014
2024-09-21,63210.3,63539.5,62801.0,63376.1,63133.4,1769.28073004,25270.0,59786.773881262954,60897.73396978049,62.60005910329175,2196.4896584100848
2024-09-22,63376.1,64000.0,62440.6,63615.2,63025.9,2192.35369043,30771.0,60033.76911472986,60951.54517829969,63.22023703971233,2150.983254237936
2024-09-23,63615.2,64777.3,62643.0,63332.4,63661.3,2429.20341709,35701.0,60246.58401055374,60998.69081833336,61.91253590384381,2149.7915932209407
2024-09-24,63332.4,64681.0,62739.4,64271.8,63693.7,1731.18720351,31760.0,60506.27536471157,61063.504861534675,64.5366795886609,2134.9207651337306
2024-09-25,64271.9,64770.0,62917.4,63139.2,63719.7,1472.03011434,26683.0,60676.14147021405,61104.60773556369,59.237451595503295,2114.754996195607
2024-09-26,63139.2,65764.9,62673.3,65183.5,64774.8,2376.40345616,33061.0,60966.93879471636,61185.377879413914,64.84803864110101,2184.5296393244917
2024-09-27,65179.3,66452.8,64841.2,65788.9,65752.7,1580.52059663,25987.0,61278.03306602499,61276.53673328691,66.32619912471708,2143.606093658457
2024-09-28,65788.8,66218.7,65475.7,65878.4,65772.9,434.17709796,14053.0,61574.83093273306,61367.66273856835,66.5501391091974,2043.5628012542818
2024-09-29,65862.7,66055.0,65474.4,65610.0,65707.2,541.96337683,13312.0,61835.16442094383,61451.66941701254,65.15086168301184,1939.0654583075473
2024-09-30,65610.1,65610.1,62883.9,63338.5,64055.1,1812.35809052,31199.0,61932.153813141005,61489.03239885388,54.6736070183096,1995.2893541427227
2024-10-01,63325.0,64100.0,60203.4,60819.1,62147.0,2632.62350634,38700.0,61860.34388971256,61475.766410757766,45.86379926566713,2131.0972574182424
2024-10-02,60819.1,62350.0,60000.0,60635.3,61198.3,1636.61948719,27659.0,61781.30880005369,61459.12351153484,45.290438077570194,2146.733167602654
2024-10-03,60643.9,61467.5,59850.0,60739.6,60652.7,1794.05177805,28987.0,61714.10178069539,61444.87552120741,45.70523896247955,2108.9307984881784
2024-10-04,60739.7,62470.0,60451.6,62081.0,61725.4,1614.92871105,26302.0,61737.77263355376,61457.47204553994,50.864962213794406,2102.4643128818802
2024-10-05,62081.0,62328.3,61700.0,62049.0,61997.1,543.8720812,13125.0,61757.85181848578,61469.185470380726,50.74108125459593,1997.1668619617462
2024-10-06,62048.5,62921.0,61824.9,62809.3,62396.7,558.72425339,15811.0,61825.687185035094,61495.72239175932,53.63067195629635,1932.8049432501928
2024-10-07,62809.4,64419.3,62150.8,62234.6,63375.5,1753.12946058,32701.0,61852.06865696832,61510.353631526465,51.18641392515432,1956.7831615894647
2024-10-08,62221.1,63180.2,61825.4,62117.9,62446.2,1451.97055407,28769.0,61869.21906619617,61522.38425268436,50.681292446134485,1913.784364333074
2024-10-09,62120.6,62493.0,60300.0,60558.0,61611.2,1425.15802177,28558.0,61784.62428773191,61503.28753480942,44.37733929195587,1933.7283383092831
2024-10-10,60558.0,61237.4,58888.0,60279.5,60051.3,1660.04543018,28717.0,61687.519494975015,61479.05411827854,43.34082430144106,1963.4191712871914
2024-10-11,60275.9,63414.5,60063.4,62502.5,62164.4,1956.73441154,38754.0,61740.098882395985,61499.32037336213,52.8145603407887,2062.5392304809634
2024-10-12,62502.5,63445.0,62495.0,63184.0,63013.0,687.2439732,27088.0,61833.25379320915,61532.680365968816,55.28306600245392,1983.072142589466
2024-10-13,63184.9,63273.0,62029.9,62834.9,62646.6,808.19554302,15709.0,61897.876129131146,61558.46689337538,53.73235569146519,1930.2169895473612
2024-10-14,62834.9,66400.0,62465.0,66025.5,65033.8,2419.74862017,61236.0,62164.174443380754,61646.92299449666,63.74255899606407,2073.415776008264
2024-10-15,66025.6,67871.1,64686.1,67060.5,66193.6,3990.01286365,49705.0,62480.066414775545,61754.12253916009,66.29039704687344,2152.8146491505313
2024-10-16,67056.0,68328.6,66751.5,67589.9,67655.5,1989.74847719,33858.0,62809.73309769326,61869.68248887969,67.54660928289289,2111.692174211208
2024-10-17,67590.0,67899.9,66644.5,67407.8,67208.4,1581.80315377,31915.0,63106.382575261436,61979.348182169204,66.6268600780752,2050.528447481836
2024-10-18,67407.8,68980.3,67189.9,68440.3,68262.2,1519.44740947,32011.0,63450.50628008328,62107.28782212625,69.1886384566611,2031.9478440902767
2024-10-19,68440.2,68632.7,68062.2,68374.9,68291.9,402.00012426,15819.0,63768.20910072308,62231.39895436137,68.82823950483566,1927.5587123695425
2024-10-20,68375.0,69315.0,68129.4,69010.5,68665.6,696.12320319,20673.0,64106.42141680546,62365.63857902748,70.43980110411293,1874.5616614860041
2024-10-21,69010.5,69447.8,66838.6,67385.1,67857.8,2249.69267837,42900.0,64317.94906733414,62465.0338546903,61.660610992281704,1927.0358285227178
2024-10-22,67385.1,67750.0,66564.4,67387.6,67223.0,1332.15318315,33260.0,64515.99106299001,62562.51041202316,61.668524268200294,1874.076126485381
2024-10-23,67384.2,67407.5,65199.0,66633.4,66212.5,1637.67388406,38619.0,64652.598091184205,62643.12208703261,57.79310785995942,1897.9635460221396
2024-10-24,66630.5,68794.2,66452.2,68170.1,67708.6,1711.06407067,37956.0,64879.533698204585,62752.56719422008,62.907853396766406,1929.6804355919867
2024-10-25,68170.1,68699.0,65531.0,66606.8,67272.8,1962.900885,46344.0,64990.97023380429,62828.88863591869,55.53485379621843,2018.131833049702
2024-10-26,66606.8,67348.4,66364.0,67026.0,66949.2,551.1168065,19066.0,65122.262476784665,62911.99975203911,56.990537398737914,1944.293844974723
2024-10-27,67026.1,68196.0,66850.4,67941.2,67532.6,669.93058797,16686.0,65304.1294137663,63011.587875761106,60.06441609377983,1901.5299989051002
2024-10-28,67941.3,70200.0,67535.0,69911.9,69066.4,2663.61172521,41072.0,65601.4049354588,63148.227719805436,65.74211597185702,1956.0635704118788
2024-10-29,69912.0,73574.9,69720.1,72661.0,71932.3,3112.48180118,60478.0,66056.86268155824,63336.59944812612,71.7712935513809,2091.687601096744
2024-10-30,72661.0,72887.9,71400.0,72331.1,72180.5,1750.94496989,41109.0,66461.65218597384,63514.70836994541,70.17520245123615,2048.559915304119
2024-10-31,72331.1,72662.0,69602.0,70250.1,71115.7,1855.72917608,34927.0,66706.06817397554,63648.08246162965,60.965133538837975,2120.805635639539
2024-11-01,70250.1,71576.0,68810.0,69490.1,69793.3,2425.4916887,42761.0,66885.68313049324,63763.765977240946,57.97267107325201,2166.890947379572
2024-11-02,69490.1,69858.8,69060.0,69300.0,69444.7,803.13883973,19256.0,67041.4455091711,63873.39437373122,57.21615345281877,2069.1701654238886
2024-11-03,69300.9,69363.3,67483.7,68748.7,68293.5,2115.26348924,35315.0,67151.59096019232,63969.935079201896,54.97559521837876,2055.629439322183
2024-11-04,68748.7,69430.6,66836.0,67783.3,68181.7,1544.56123278,30935.0,67192.3463821154,64045.447255851366,51.19492760338602,2094.1273365134557
2024-11-05,67787.8,70482.0,67481.4,69382.7,69409.3,2008.23627213,30812.0,67333.65951875312,64151.135429002825,56.528712973734926,2158.875383905352
2024-11-06,69382.7,76457.6,69341.0,75642.0,73794.8,8946.48732813,69815.0,67869.68148528518,64378.67730169583,70.23737708277734,2512.9985707692563
2024-11-07,75642.1,76937.5,74500.0,75949.2,75634.4,3152.67539089,41516.0,68390.94074429905,64607.79656304839,70.725315472241,2507.6058157143093
2024-11-08,75949.3,77242.0,75713.0,76550.4,76473.4,2322.42184749,32788.0,68917.3574704733,64844.28375981971,71.70303891391278,2437.7054003061444
2024-11-09,76550.5,76911.0,75785.2,76728.3,76430.8,1025.99230375,23283.0,69421.2892465718,65079.610814080705,72.00103288262636,2343.9978717128483
2024-11-10,76728.3,81480.7,76569.9,80423.3,79484.9,4998.42665424,64789.0,70131.09639195427,65383.44624350485,77.33894062473686,2527.340880876217
2024-11-11,80423.3,89600.0,80299.9,88737.6,85246.6,7092.85736454,93436.0,71331.51597957013,65845.90473373247,84.49976775741723,3011.109389385059
2024-11-12,88737.5,89920.0,85136.0,88087.3,87946.7,6817.99545766,85465.0,72412.53430346883,66286.32840237144,82.3089670181113,3137.744433000412
2024-11-13,88087.3,93435.0,86258.0,90490.9,90290.9,7626.54566803,77561.0,73578.88047743858,66765.62684984923,83.9638959680519,3426.2626877860966
2024-11-14,90496.8,91780.0,86621.9,87313.2,89304.9,6252.08697742,61715.0,74464.96560792642,67172.50948648588,74.09536346602403,3549.965352944233
2024-11-15,87314.4,91850.0,87135.0,91062.0,89507.4,3879.47146166,48562.0,75535.74202031827,67645.56870457527,77.46094258448336,3633.182113448216
2024-11-16,91062.0,91750.0,90149.0,90555.1,91055.2,1466.32281088,32817.0,76504.73285771708,68099.22278963319,76.0226735074572,3488.0262482019148
2024-11-17,90567.7,91399.0,88728.6,89850.0,90074.6,1823.63907979,31062.0,77365.71783463858,68529.93124924442,73.96536751042822,3429.624373330349
2024-11-18,89850.0,92607.2,89400.0,90507.9,91095.2,3681.7495448,49941.0,78213.60055498448,68965.13855123958,74.6545737616126,3413.7369180924666
2024-11-19,90508.0,94000.0,90424.6,92376.1,92538.5,4118.94491548,53877.0,79127.3101965984,69428.72194626454,76.55275526699756,3425.284281085861
2024-11-20,92376.1,94925.0,91636.1,94364.5,93840.6,3479.27477537,55062.0,80110.35470004367,69922.49972950683,78.40640691502745,3415.5425467225846
2024-11-21,94356.8,98999.0,94135.0,98496.0,97273.1,4985.84908294,79873.0,81296.52536455698,70488.31161605124,81.65212480004811,3519.0037933852573
2024-11-22,98496.0,99650.0,97218.3,99000.0,98798.5,3342.09282648,62203.0,82438.68501845653,71052.89950484231,82.00741793047116,3441.3392367148813
2024-11-23,99000.0,99000.0,97219.2,97759.1,98254.7,1822.84995162,44494.0,83427.09888823354,71581.73515821177,78.00243977714473,3322.729291235247
2024-11-24,97759.1,98607.4,95751.2,97994.1,97321.1,1713.90019572,42023.0,84366.90541157332,72104.75228379173,78.21937650352693,3289.405770432729
2024-11-25,97994.1,98880.0,92550.0,93000.0,95745.7,4287.35322125,55562.0,84923.87925598795,72518.51956530081,63.81605714471801,3506.591072544677
2024-11-26,93000.1,94995.0,90736.0,91914.5,92714.5,3988.70968177,53132.0,85374.88704592422,72902.5983857899,61.17906781380634,3560.3345673629146
2024-11-27,91914.6,97387.9,91818.3,95952.9,95222.0,3676.00390362,45972.0,86057.33949457426,73359.04000191287,66.6931818064589,3703.8535268369915
2024-11-28,95946.8,96652.0,94653.6,95637.8,95402.0,1141.15914588,29180.0,86675.43372073077,73800.20356623143,65.90656680835035,3582.035417777206
2024-11-29,95637.8,98670.1,95385.7,97478.7,97171.8,2810.05076582,39756.0,87372.41864197396,74269.0846837318,68.26177800270992,3560.775745078835
2024-11-30,97478.7,97491.2,96185.0,96456.2,96780.0,724.351026,25479.0,87958.4690521692,74708.43350187571,65.55302347770566,3399.7346204303467
2024-12-01,96456.3,97850.0,95754.4,97244.6,97032.8,790.57085383,23454.0,88557.57427460988,75154.69422461084,66.65185648835924,3306.582147542465
2024-12-02,97245.0,98135.3,94450.0,95853.3,95999.1,2076.03930234,45724.0,89028.26625689313,75564.5676063017,62.842158608910175,3333.6334227180037
2024-12-03,95853.3,96267.2,93565.1,95917.5,95229.8,1750.12703242,45943.0,89472.73294999679,75967.59597053335,62.947402252117335,3288.52389252386
2024-12-04,95917.5,99213.9,94656.9,98757.1,97143.5,4007.40945935,61942.0,90071.72437257765,76418.87327804754,67.35202278028342,3379.129328772156
2024-12-05,98757.1,104015.5,91800.0,97087.3,100544.9,8398.16065969,124693.0,90524.342154992,76828.14905471986,62.63670755933447,4010.2986624312875
2024-12-06,97087.3,101995.0,96510.3,99872.9,99498.0,2727.15514037,51565.0,91127.47491918608,77284.4807566066,66.8110884831791,4115.613043686195
2024-12-07,99873.0,100501.4,99000.0,99899.9,99808.4,829.88174542,29512.0,91693.43782762569,77732.31084063419,66.84974862632015,3928.883540565752
2024-12-08,99900.0,101400.0,98699.7,101170.0,99953.9,1101.24140085,30667.0,92304.82893552081,78196.42349725531,68.69695681053744,3841.127573382484
2024-12-09,101170.0,101214.3,94140.9,97399.9,97783.0,2874.85666097,66973.0,92633.54319774528,78576.69035869579,58.31033757660885,4072.004175283736
2024-12-10,97337.0,98267.9,94314.1,96655.1,96577.8,2459.10248253,54424.0,92892.9984753101,78934.67866842459,56.49313286875436,4063.561019906326
2024-12-11,96655.1,101900.0,95754.0,101177.0,99772.0,2523.39702118,49508.0,93427.45018658042,79375.12067499044,63.85759896792383,4212.306661341589
2024-12-12,101177.1,102500.0,99296.6,100050.1,100804.3,1955.43808408,48609.0,93854.71791647846,79784.52620617874,61.08267790887903,4140.241899817189
2024-12-13,100050.1,101905.2,99250.0,101483.1,100874.7,1358.12451422,36197.0,94346.8715992863,80214.20093476925,63.26853513222638,4034.1674784016755
2024-12-14,101483.1,102637.2,100666.0,101400.1,101606.7,926.63654907,27948.0,94801.91859288074,80633.7236885362,63.04765109129407,3886.8126585158416
2024-12-15,101400.1,105000.0,101222.5,104355.2,103100.5,2036.39517524,36649.0,95418.25932882393,81103.4558927236,67.41017093152288,3879.0046114789957
2024-12-16,104355.3,107777.0,103319.4,106067.2,105762.5,4525.54878744,69654.0,96105.2877592224,81597.78745920432,69.64594705695687,3920.332853516211
2024-12-17,106070.2,108297.6,105124.0,106151.9,106666.1,4684.88958375,51877.0,96753.45629088547,82084.0075095171,69.75649297618327,3866.994792550768
2024-12-18,106152.0,106489.3,100027.8,100166.1,102962.4,3014.79303894,56882.0,96973.62685276385,82442.06874695241,54.617927606554495,4052.316593082856
2024-12-19,100166.1,102750.0,95586.4,97431.4,99042.3,3582.99338433,76206.0,97003.16060419845,82738.88718760683,49.34868890249502,4274.551122148367
2024-12-20,97431.5,98064.7,92159.0,97781.8,95648.3,3145.57762405,61835.0,97053.39540392758,83036.76664923837,50.01411394466964,4391.0617562806265
2024-12-21,97781.8,99575.4,96359.8,97232.6,97786.6,1158.06359574,35915.0,97064.95699077097,83317.87226014455,48.929120844829754,4307.100202260581
2024-12-22,97232.7,97321.3,94201.1,95101.9,95729.4,843.50640738,26527.0,96938.30815265671,83551.21934410208,44.8628378555635,4222.321616384825
2024-12-23,95101.9,96403.0,92417.0,94699.4,94202.2,1608.13292536,44002.0,96793.86246538853,83771.97539669412,44.116966224494085,4205.441500928766
2024-12-24,94699.4,99400.0,93500.0,98647.2,96925.7,1533.79982235,39941.0,96913.43262891186,84066.53429972987,52.46468263000503,4326.481393719568
2024-12-25,98647.2,99411.6,97600.0,99310.8,98493.5,681.61047112,30576.0,97068.10149156272,84368.40094725997,53.71624421008353,4146.847008453885
2024-12-26,99328.2,99821.8,95139.1,95645.0,96427.2,1286.63045412,35677.0,96976.28849210707,84591.69993840334,46.44191405218522,4185.12222213575
2024-12-27,95660.9,97308.6,93300.0,94148.9,95369.6,1781.17817466,45144.0,96793.87633132597,84780.9514247716,43.832969770286994,4172.513491983197
2024-12-28,94147.6,95497.0,94033.5,95204.1,94625.4,447.87195123,21419.0,96691.31011640171,84987.3504064593,46.13149086020692,3979.0125282701115
2024-12-29,95204.1,95204.1,92860.7,93551.0,94069.1,698.54712674,22934.0,96488.70946373064,85156.92762613337,43.1521608835211,3862.183061965104
2024-12-30,93551.0,94858.7,91256.6,92611.3,92857.6,2168.29172819,42406.0,96238.5540144577,85304.53896026935,41.51097114016576,3843.605700396168
2024-12-31,92611.3,96040.0,91934.1,93370.9,94050.7,1697.95041413,34489.0,96053.54407804107,85464.26888184817,43.385383871596055,3862.3410075107267
2025-01-01,93370.8,94888.0,92588.1,94380.8,93775.3,576.16221881,25886.0,95945.62510526425,85640.83385448484,45.86916673788952,3750.7380784028173
2025-01-02,94380.9,97719.9,94167.2,96805.2,96494.6,1727.87834504,40932.0,96001.08155008592,85861.91041182177,51.383344077655515,3736.592501374045
2025-01-03,96805.3,98888.0,96034.1,98111.1,97693.7,1520.22829624,32349.0,96137.21177266102,86104.46862148866,54.09589482946872,3673.543036990184
2025-01-04,98111.1,98714.8,97548.4,98208.9,97996.0,630.75266227,23359.0,96270.86907765063,86344.16033195422,54.30153502980696,3494.4613914908864
2025-01-05,98208.9,98750.0,97250.0,98306.2,97970.2,437.30434173,18687.0,96402.18075006026,86581.03240458878,54.519826754204274,3351.999863527252
2025-01-06,98306.3,102479.6,97974.0,102222.0,100991.5,2276.11065977,50951.0,96777.6529597338,86890.75453519098,62.320515612081,3434.3998732753057
2025-01-07,102222.0,102759.3,96100.0,96932.2,98488.5,2322.87122789,46693.0,96787.62373652517,87089.59503944461,49.87536020370479,3664.74988232707
2025-01-08,96932.2,97232.8,92501.0,95060.4,94834.8,2675.62697608,54862.0,96676.18994707194,87247.4327614358,46.34833700259789,3740.9677478751364
2025-01-09,95060.1,95251.1,91168.5,92531.7,92924.8,2567.92194993,46660.0,96408.80349887375,87352.07171665489,42.02469803978236,3765.3700515983414
2025-01-10,92523.5,95771.2,92200.0,94698.8,94075.7,2409.34482421,48670.0,96298.4806924948,87497.55148464191,46.62044921948644,3751.5007621984596
2025-01-11,94698.9,94986.6,93865.0,94562.1,94437.8,315.42363614,18922.0,96186.45613168868,87637.44353445098,46.37074161089595,3563.650707755713
2025-01-12,94562.1,95300.0,93652.2,94449.9,94576.1,432.7113658,22557.0,96074.4202522249,87772.34366248165,46.15223875387062,3426.8042286303053
2025-01-13,94450.0,95808.2,89005.8,94487.1,91915.9,3303.02566784,69218.0,95972.01249401685,87905.30913451171,46.24268393279686,3667.918212299569
2025-01-14,94487.1,97302.9,94313.0,96560.1,96139.8,1407.26000359,43145.0,96009.95362343511,88076.69113184811,51.16521119206109,3619.488339992456
2025-01-15,96560.1,100731.7,96500.0,100496.4,98844.9,2160.29010015,46331.0,96299.40177676188,88322.62596092043,58.867342121391225,3663.2177442787092
2025-01-16,100496.5,100700.0,97333.0,99976.7,99508.6,1764.68463636,40996.0,96536.64682342242,88553.39970426854,57.57620075071627,3642.059333973087
2025-01-17,99976.7,105883.0,99952.8,104089.8,103572.2,3507.92883752,60471.0,97023.9470283629,88861.05119527312,64.2578189378722,3805.4979529750094
2025-01-18,104089.8,104907.3,102222.0,104382.0,103738.3,1776.25333653,36012.0,97498.66012330724,89168.39671615881,64.68336544842899,3725.4838134767947
2025-01-19,104382.0,106246.6,99538.2,101191.1,103853.3,4231.21213917,73121.0,97736.88205083582,89406.4700485121,56.73890192212609,3938.5492553713098
2025-01-20,101191.0,109112.0,99500.0,102162.8,104549.7,6144.71011387,104134.0,98022.4251443303,89659.07064161087,58.41393537050483,4343.795737130502
2025-01-21,102142.1,107200.0,100114.2,106162.8,104482.0,2766.17867975,57011.0,98547.61061888964,89985.87716355917,64.50634553574847,4539.653184478323
2025-01-22,106162.8,106293.4,103271.3,103648.5,104664.0,1391.42072629,36254.0,98876.70025638063,90256.42415041939,58.686379928855295,4431.256528444156
2025-01-23,103648.6,106833.2,101281.7,103920.2,104188.7,4692.19078465,64479.0,99202.08733661415,90526.99396922297,59.11565165616898,4511.2739192695735
2025-01-24,103920.2,107080.6,102800.0,104840.4,105315.2,1795.72253619,36250.0,99565.84944392937,90810.42775201063,60.608510388016725,4494.797210750318
2025-01-25,104840.4,105194.1,104250.0,104705.2,104662.4,643.54540419,19139.0,99897.42044754684,91085.5717569213,60.26035552287969,4241.17598141101
2025-01-26,104705.3,105380.0,102544.1,102596.5,104290.1,949.0648101,22008.0,100071.55461222124,91313.51093005158,54.95773583213476,4140.799125595938
2025-01-27,102596.5,103200.0,97688.7,102133.3,100393.9,3883.43048284,68012.0,100204.57044369084,91527.76417896144,53.83706365079432,4238.692045196228
2025-01-28,102133.3,103728.0,100200.0,101299.8,102126.3,1817.06633,35792.0,100275.23041506563,91721.26983878399,51.79051657518999,4187.928327682212
2025-01-29,101299.9,104749.1,101277.6,103708.0,102863.8,2068.76411452,35819.0,100496.69942054528,91958.6308320754,56.889620373145696,4136.754875704911
2025-01-30,103708.1,106414.4,103252.5,104750.1,105132.9,2010.23973624,32805.0,100771.11236115526,92211.92725124223,58.91473226218452,4067.122384583131
2025-01-31,104750.1,106000.0,101500.0,102406.0,103785.3,1755.91946054,36579.0,100876.58898301622,92413.79007795031,52.89554699359516,4098.0422142557645
2025-02-01,102406.0,102748.6,100147.0,100624.2,101689.6,1188.3889118,25176.0,100860.30582282163,92576.37245264437,48.813124804019445,3991.1534846660675
2025-02-02,100624.3,101415.5,96100.0,97696.1,98561.4,2816.31259953,48029.0,100656.16351167185,92677.75319615637,42.947095422967095,4085.749664332777
2025-02-03,97696.0,102500.0,91000.0,101425.1,96614.4,5541.67940806,90351.0,100705.77231737044,92850.96798435129,51.01980447359234,4615.338974023293
2025-02-04,101425.1,101721.9,96250.0,97868.5,98983.0,3162.38590831,45835.0,100522.72249044332,92950.32505396809,44.545765732959445,4676.5219044502
2025-02-05,97868.4,99125.0,96191.0,96623.8,97658.8,1343.73465352,24709.0,100271.17910396312,93023.06713210735,42.512619042892446,4552.056054132328
2025-02-06,96613.4,99100.0,95700.0,96559.2,97564.3,2017.20689834,26468.0,100031.6965811268,93093.08956513491,42.404444225103845,4469.766335980019
2025-02-07,96558.5,100181.7,95634.1,96547.5,97703.3,1926.56834175,43481.0,99806.90970492508,93161.49373216195,42.38340923916697,4475.325883410017
2025-02-08,96547.5,96860.1,95656.9,96496.5,96339.6,383.81280043,16339.0,99593.33488525251,93227.53346023794,42.284943396527986,4241.602606023588
2025-02-09,96496.5,97291.2,94763.1,96473.0,96216.3,702.74391142,20517.0,99392.0229571717,93291.80012439165,42.236251414824366,4119.209562736188
2025-02-10,96473.0,98300.0,95326.7,97441.2,97196.3,1163.37216215,21718.0,99266.16341154774,93373.9664585621,45.04406454609919,4037.3588796836034
2025-02-11,97441.2,98442.3,94899.2,95767.1,96684.3,1329.40106338,28438.0,99040.41738499628,93421.35524156087,41.30536711467368,4002.054673991918
2025-02-12,95767.1,98042.8,94111.0,97874.0,96200.3,1463.18182995,29336.0,98965.1646504804,93509.5264248963,47.240502230943356,3997.0364829924956
2025-02-13,97874.0,98077.1,95273.7,96628.0,96085.7,1291.44841164,21526.0,98814.37983432037,93571.27837687856,44.38225131969746,3911.776734207318
2025-02-14,96628.0,98826.0,96340.7,97464.0,97366.2,1523.91696415,28343.0,98727.2585546868,93648.361973376,46.711892629447796,3809.8855389067953
2025-02-15,97464.0,97902.0,97279.3,97588.2,97582.2,375.80330877,14594.0,98653.77090599734,93726.3785679626,47.06662858563399,3582.229428984881
2025-02-16,97588.2,97700.0,96112.6,96144.1,96951.9,311.46490458,14039.0,98491.85665399753,93774.25423988413,43.44522196531539,3439.7416126288176
2025-02-17,96144.1,97032.6,95224.7,95772.8,96020.6,1005.28486366,20654.0,98316.43364406221,93813.82940345079,42.53894022227543,3323.1814974410454
2025-02-18,95772.8,96650.9,93388.7,95600.0,94912.6,1472.41908125,33221.0,98141.17986057434,93849.19911823393,42.09879664863199,3318.8256761952566
2025-02-19,95600.0,96875.0,94996.8,96625.7,95930.4,1116.70166311,26149.0,98043.40696634374,93904.17933371445,45.690844004309945,3215.9238421813097
2025-02-20,96625.7,98744.0,96405.7,98339.1,97627.6,1280.02593709,28613.0,98062.48393625706,93991.99954492802,51.1434074597603,3153.2364248826448
2025-02-21,98339.1,99481.1,94858.0,96099.5,97442.3,2181.18505022,37938.0,97935.83981133725,94033.73222720668,44.81049102506851,3258.226680248171
2025-02-22,96099.5,96900.0,95791.3,96600.1,96428.8,484.13874675,14465.0,97849.6630493155,94084.55139102438,46.407913652616756,3104.6890602304443
2025-02-23,96600.1,96621.6,95300.0,96303.4,95977.9,359.68758804,13477.0,97749.90414290804,94128.48898724171,45.566098895670606,2977.32555592827
2025-02-24,96303.4,96483.0,91400.0,91534.4,94035.6,2273.50832688,43024.0,97348.90387562366,94077.12088848444,34.67760055178364,3127.730873361965
2025-02-25,91534.4,92487.3,86000.0,88632.6,88983.8,5210.26309616,84846.0,96786.56169009955,93969.30859366295,29.982743740730527,3367.7000966932537
2025-02-26,88632.6,89271.0,80525.0,84089.8,85422.7,5878.70103157,77746.0,95967.41577460927,93773.67476012507,24.41091045719,3751.8643755008784
2025-02-27,84089.9,86951.2,82611.0,84691.4,84888.4,2506.41796058,46638.0,95239.9308859248,93593.82773517209,26.362527087542972,3793.8883486793866
2025-02-28,84668.4,85061.0,78219.0,84309.2,81562.9,4498.77887051,77842.0,94534.72244167159,93409.97372061422,25.904927819737836,4011.610609488002
2025-03-01,84309.2,86515.9,83799.3,86020.8,85167.0,1112.34047277,25856.0,93985.43712285407,93263.65344891889,31.628530454029416,3919.1098516674297
2025-03-02,86020.8,95000.0,84500.1,94285.0,90983.0,5152.5358943,62645.0,94004.76376008929,93283.87813309871,51.22122807778807,4389.166290834041
2025-03-03,94285.0,94401.6,85055.0,86144.7,89968.5,5136.27936399,63117.0,93497.6628723416,93142.50826907695,39.28071516372168,4743.26869863161
2025-03-04,86144.7,88888.0,81434.5,87250.0,84629.5,4690.09095506,61737.0,93094.58784831957,93025.824937016,41.282266449436555,4936.856648729352
2025-03-05,87250.0,90975.1,86378.4,90610.4,89224.7,3795.41190016,49992.0,92934.31766455702,92977.9947402434,47.002228798280996,4912.5597452486845
2025-03-06,90610.4,92741.5,87836.3,89916.8,90197.8,2992.56395797,44486.0,92739.63910555335,92917.37702261482,46.006040276714884,4912.0340491594925
2025-03-07,89925.3,91227.4,84665.7,86762.3,87910.5,4534.10086304,56830.0,92354.00432454991,92795.49430929571,41.679401070966485,5029.867331362386
2025-03-08,86762.3,86809.4,85230.0,86164.1,86115.6,816.51310316,20983.0,91954.65565844992,92664.17957049778,40.89399203328509,4783.405379122215
2025-03-09,86164.1,86435.2,80006.7,80684.0,82956.4,2019.63804496,39533.0,91227.51658371123,92426.94829187407,34.48323665150757,4900.912137756342
2025-03-10,80709.9,83971.5,77414.3,78558.8,80090.9,3411.3441324,64265.0,90410.18002992342,92152.33149401518,32.36432770500667,5019.218413630889
2025-03-11,78558.9,83607.9,76615.7,82900.0,80669.6,3925.04144014,52739.0,89925.6522860574,91969.11700898518,40.41832779871251,5160.145669800111
2025-03-12,82900.0,84482.0,80628.9,83673.4,82589.7,2515.76502183,36613.0,89522.2811708279,91804.84538504489,41.749141328490296,5066.785264814389
2025-03-13,83673.4,84282.4,79930.7,81112.3,81997.4,1998.70930581,31403.0,88979.70174045191,91593.11181306379,38.66897458719558,5015.707745899075
2025-03-14,81112.3,85278.7,80847.2,83997.6,83719.1,2075.86273147,31189.0,88658.27582171308,91442.70563854768,43.707743704183066,4973.978621191998
2025-03-15,83997.7,84659.4,83666.9,84332.9,84209.5,584.76838101,16525.0,88379.21931708643,91301.91740808138,44.280642088167475,4689.587291106856
2025-03-16,84333.0,85021.0,82009.8,82599.9,83231.2,842.27980256,23323.0,88006.36000630667,91129.60023168373,41.90674150701859,4569.702484599224
2025-03-17,82600.0,84700.0,82500.0,84015.2,83518.2,1262.16112303,22150.0,87748.8658123514,90988.72101917514,44.52251427830209,4400.438021413565
2025-03-18,84015.2,84015.2,81166.0,82705.4,82212.7,1526.03270747,25866.0,87423.48092123197,90824.69486037958,42.61032749303768,4289.635305598311
2025-03-19,82705.4,87000.0,82553.3,86879.5,84476.4,2673.46536757,31949.0,87388.38537792668,90746.57218987701,49.98279099862756,4300.854212341289
2025-03-20,86879.6,87433.9,83609.1,84178.6,85473.1,2156.72058329,30576.0,87181.30245031852,90616.51333463192,45.87606798893946,4266.850340031196
2025-03-21,84178.6,84771.3,83179.3,84034.3,84062.7,1018.69958284,21597.0,86978.27003416895,90486.17247652038,45.66021633396123,4075.7896014575385
2025-03-22,84034.3,84450.0,83667.4,83800.0,84055.2,440.24781187,13004.0,86773.22035454515,90353.77302153979,45.28761935641281,3840.5617727820004
2025-03-23,83800.0,86100.0,83799.9,86076.5,84983.0,588.42498116,14834.0,86728.27065425193,90269.07454586573,49.591727973600975,3730.5287890118575
2025-03-24,86076.5,88750.0,85558.1,87505.3,87461.1,2187.05354124,31475.0,86778.40157978407,90214.3463370367,52.13673174853628,3692.0553040824384
2025-03-25,87511.9,88500.0,86306.7,87458.1,87419.8,1275.81713678,23990.0,86822.25309076575,90159.76720164983,52.04325441673392,3585.0013537908358
2025-03-26,87458.1,88263.0,85853.7,86899.0,87101.7,1808.20481963,27058.0,86827.20450426474,90095.1975540924,50.87956241696466,3501.0226856629192
2025-03-27,86899.0,87755.8,85838.9,87209.9,87098.3,1018.98407902,22803.0,86851.89453624767,90038.06294906087,51.52860771763856,3387.871065258426
2025-03-28,87209.9,87441.7,83530.1,84373.9,84711.6,2052.98377273,33755.0,86692.02392100588,89925.9013065052,45.608510244670775,3425.280274882823
2025-03-29,84373.9,84559.8,81655.0,82613.8,82968.1,1157.08426174,25276.0,86428.91270029583,89781.10722122787,42.35605205546344,3388.103112391193
2025-03-30,82613.8,83500.0,81588.7,82325.4,82804.3,916.37403895,21788.0,86164.16994543804,89633.46945447088,41.829679821201964,3282.6171757918223
2025-03-31,82325.4,83870.8,81270.3,82523.0,82644.7,1694.68667333,34525.0,85929.25575540979,89492.66807913482,42.35823597057507,3233.894520378121
2025-04-01,82523.0,85500.0,82415.9,85201.1,84407.5,1757.72329983,32168.0,85882.2779647382,89407.68653301333,49.107658831912765,3223.194911779684
2025-04-02,85201.2,89042.7,82141.5,82508.1,85365.3,3582.61285579,60894.0,85664.58906378735,89271.06105711208,43.581472525925335,3485.909560938278
2025-04-03,82508.1,83911.0,81177.7,83132.9,82525.0,1942.46384857,43968.0,85501.2542854785,89149.51331340689,45.12439797016901,3432.1517351569723
2025-04-04,83133.0,84709.7,81657.9,83840.8,83300.7,1986.99314277,51567.0,85394.12820254441,89044.39027749783,46.89639414732664,3404.9837540743315
2025-04-05,83840.8,84200.0,82400.0,83508.9,83259.6,660.17840044,17803.0,85272.5005765738,88934.77660863649,46.144045451090264,3290.3420573547364
2025-04-06,83508.9,83680.0,77057.7,78363.4,79741.0,3692.97635392,55566.0,84826.75215227873,88725.44241836645,36.3956309389425,3528.3390532579697
2025-04-07,78364.8,81323.6,74409.1,79130.1,77488.6,5198.34711859,108467.0,84459.22620697043,88535.43563780474,38.48112645195681,3770.2076923109717
2025-04-08,79130.1,80800.0,76164.6,76276.5,78394.7,2455.53545248,54687.0,83931.30838716589,88292.68443705613,34.011234520339315,3832.0071428601877
2025-04-09,76276.5,83548.9,74572.5,82556.3,79306.2,5271.68867973,81398.0,83842.59816863906,88179.0926660253,48.255777295022725,4199.463775513031
2025-04-10,82556.3,82676.5,78451.2,79552.1,80756.2,2270.09893668,43657.0,83565.79183517849,88008.26112808421,43.426310784564556,4201.309220119243
2025-04-11,79552.1,84261.7,78914.7,83420.1,82322.9,3024.32123334,44081.0,83556.39236194118,87917.40645228056,50.320307181808744,4283.144275825011
2025-04-12,83420.1,85850.9,82750.0,85284.1,84536.5,1932.99267705,27815.0,83667.8573708482,87865.26177005719,53.27524093185973,4198.698256123224
2025-04-13,85284.1,86037.9,83025.5,83719.0,84338.0,1742.3412712,31815.0,83671.1568953096,87783.15757659072,50.55615014508148,4113.962666400136
2025-04-14,83719.8,85792.1,83708.2,84530.7,84691.0,2420.34075325,33858.0,83726.6112891606,87718.75247606417,51.92653285082207,3968.9581902286986
2025-04-15,84530.7,86401.0,83600.0,83633.5,85053.5,1433.04466,30919.0,83720.60410921475,87637.85638742923,50.26809049534842,3885.5326052123633
2025-04-16,83633.5,85419.7,83146.0,84023.8,84115.0,1861.93037475,34648.0,83740.1651344267,87566.29091441083,51.001235956731584,3770.4017048400515
2025-04-17,84027.5,85444.0,83777.2,84910.1,84589.9,931.39734032,25008.0,83815.64480317337,87513.6930745215,52.706241239009586,3620.1444402086195
2025-04-18,84910.1,85087.9,84295.4,84472.5,84622.0,450.65472146,17835.0,83858.02255780736,87453.47142948148,51.74877834420081,3418.1698373365753
2025-04-19,84472.5,85611.7,84384.6,85121.3,85112.0,405.53513245,17697.0,83939.52432827141,87407.28981701648,53.108871949868686,3261.664848955391
2025-04-20,85121.3,85309.2,84007.4,85150.1,84810.8,517.72668291,15671.0,84017.62598451196,87362.59298895676,53.17197243243194,3121.6745026014346
2025-04-21,85150.0,88490.0,85150.0,87500.6,87265.6,1901.27490018,35012.0,84242.3339855112,87365.32580105662,58.12478100151107,3137.269180987046
2025-04-22,87500.7,93888.0,87100.0,93472.0,90814.6,2972.04826005,55130.0,84837.79630902661,87486.25004261985,67.52260749580591,3398.0356680594
2025-04-23,93472.0,94635.1,91949.5,93677.0,93453.9,2009.60322068,48047.0,85408.06751489587,87608.83915068678,67.78986216120506,3347.1474060551577
2025-04-24,93677.0,94000.0,91711.0,93999.9,93011.6,1079.24734065,28565.0,85962.37928812839,87735.39481106921,68.23328223828887,3271.565448479789
2025-04-25,94000.0,95837.7,92900.0,94717.1,94536.3,2253.19370406,39718.0,86527.19997921688,87873.64639896883,69.24598390863208,3247.7179164455183
2025-04-26,94717.2,95189.5,93907.5,94663.5,94444.7,499.11003555,22248.0,87052.1225612029,88008.0989455239,69.0687690673263,3107.309493842267
2025-04-27,94663.5,95348.5,93621.5,93817.0,94208.2,532.00913019,17412.0,87488.56626693174,88123.12668917689,66.1878527218019,3008.715958567819
2025-04-28,93817.0,95600.0,92900.0,94998.1,94444.4,1257.55300882,32846.0,87973.05231422647,88259.26477453971,68.18203875600439,2986.6648186701177
2025-04-29,94998.1,95469.2,93809.5,94269.6,94878.4,1566.10548205,28586.0,88379.28119717962,88378.28131365773,65.6116349914567,2891.8816173365376
2025-04-30,94269.7,95195.0,92970.5,94205.4,94157.6,1082.84442265,32434.0,88755.15982961965,88493.6698024962,65.37772363057425,2844.211501812499
2025-05-01,94205.4,97407.8,94148.3,96469.9,96040.0,1646.02664605,33027.0,89252.88500190225,88651.614954922,69.50715608345072,2873.874965968749
2025-05-02,96469.9,97885.0,96386.7,96920.7,97119.7,1190.74799924,29094.0,89747.582743715,88815.35921324039,70.26741868734946,2775.6196112566954
2025-05-03,96920.7,96922.3,95785.9,95869.9,96257.3,632.75891805,20316.0,90142.5709537979,88955.05309020593,66.12860479633,2658.532496166932
2025-05-04,95869.9,96298.0,94153.2,94303.1,95477.6,754.03636157,20904.0,90410.99218258513,89060.95500921174,60.41458336181065,2621.837317869294
2025-05-05,94303.1,95173.9,93570.1,94727.0,94243.6,1059.28534793,28463.0,90689.44429983772,89173.15391992041,61.38671219493981,2549.1203665929147
2025-05-06,94727.0,96877.8,93398.5,96816.7,94662.4,1231.56700197,27555.0,91084.75111920304,89324.5112680408,65.84028042708891,2615.561768979135
2025-05-07,96816.7,97650.0,95824.0,97031.4,96853.5,1362.55596122,32050.0,91468.40588570606,89477.1229260994,66.27071901382996,2559.1644997663398
2025-05-08,97031.4,104082.5,96874.9,103228.0,100467.9,2992.17010376,52489.0,92227.08937695084,89749.41752162218,75.76317714544138,2891.1956069258877
2025-05-09,103228.0,104319.1,102344.7,102976.9,103070.0,1329.71839936,33114.0,92920.62554617983,90011.34786772868,74.84398470985764,2825.7102064311816
2025-05-10,102977.0,104943.7,102833.3,104800.0,103707.7,696.03309136,23133.0,93687.03680126501,90304.19246440732,77.02359478492444,2774.6166202575255
2025-05-11,104799.9,104919.7,103326.8,104119.0,104278.0,779.51384444,23208.0,94360.06668505438,90577.75300966657,74.42939886293483,2690.2082902391303
2025-05-12,104119.0,105728.8,100772.6,102825.0,103324.7,1868.93678433,44929.0,94906.19141505088,90820.27275204941,69.63040951800699,2852.064840936335
2025-05-13,102825.1,104980.0,101525.1,104156.7,103655.7,1104.39123118,33512.0,95502.99842053147,91084.36042032565,71.65587625950866,2895.1244951551676
2025-05-14,104156.8,104280.1,102591.5,103589.7,103547.7,1023.73775034,26016.0,96024.72110307783,91331.99090705188,69.52961157295722,2808.9441740726556
2025-05-15,103589.7,104123.0,101441.6,103761.7,102771.3,982.20702525,32884.0,96523.88103191151,91578.12376037758,69.82215064056454,2799.833875924608
2025-05-16,103761.7,104500.0,103130.0,103500.1,103907.8,933.96180688,22845.0,96973.959675014,91814.20249779585,68.74117278868641,2697.702884787136
2025-05-17,103500.1,103697.1,102690.0,103169.1,103049.9,407.46473368,17841.0,97373.64614759375,92039.05195328504,67.32097475442693,2576.9455358737696
2025-05-18,103169.1,106631.8,103148.2,106525.6,104781.9,1948.9635636,27890.0,97964.09478323287,92325.91429084375,73.3367137596793,2641.7065690256436
2025-05-19,106525.6,107042.1,102100.0,105637.7,104246.8,2055.76779214,35834.0,98459.16608754042,92589.51400785673,69.68240602020366,2806.020385523812
2025-05-20,105637.7,107262.6,104269.0,106855.6,105972.5,1713.73055867,30638.0,99000.8715012475,92872.0107601764,71.76098028979263,2819.4189294149687
2025-05-21,106855.6,110698.0,106155.0,109675.1,108028.1,3333.80572063,57004.0,99689.53140439282,93204.74520056896,75.88323657950284,2942.531863028185
2025-05-22,109675.1,111983.2,109287.2,111711.1,111056.4,2139.00157259,42994.0,100465.11647507716,93571.20767184481,78.34188477604968,2924.922444240457
2025-05-23,111711.1,111785.3,106824.0,107333.5,109476.8,2574.58399048,45888.0,100908.23799281413,93843.7283120063,63.38038233398981,3070.3779839375675
2025-05-24,107333.5,109503.4,106905.8,107824.2,108423.4,519.31653454,23116.0,101354.42909005193,94120.56933553092,64.20558593663942,3036.608127942026
2025-05-25,107824.2,109300.5,106672.9,109040.4,107633.8,625.52457767,23777.0,101850.29818101632,94416.01152690654,66.23639787586993,3007.3932616604534
2025-05-26,109040.4,110352.0,108780.0,109468.6,109659.2,988.86666387,23186.0,102341.80152417657,94714.08258577969,66.947424885462,2904.8651715418496
2025-05-27,109468.6,110742.6,107600.0,109004.9,109537.7,1023.08446766,27976.0,102771.67884519743,94997.06906922959,65.34266779689115,2921.846230717432
2025-05-28,109004.9,109250.0,106805.1,107811.7,108040.1,958.88789718,25679.0,103096.841500346,95250.82413716563,61.27259187980795,2887.7786428090435
2025-05-29,107811.7,108888.0,105348.4,105632.4,106980.5,1219.04523124,32855.0,103260.42591967851,95456.39989682571,54.585032119486115,2934.337311179827
2025-05-30,105632.5,106333.8,103641.3,104019.7,104874.8,1368.35162927,36409.0,103309.41134421539,95625.97019589847,50.21711459104844,2917.0632175241253
2025-05-31,104019.7,104933.2,103169.0,104662.0,103990.2,513.90701088,22339.0,103396.67512845957,95804.901479148,51.86905459870903,2834.7158448438304
2025-06-01,104662.0,105879.7,103850.0,105712.4,104830.8,576.91217477,18375.0,103546.07673307508,96001.08956866982,54.52655615203066,2777.214713069271
2025-06-02,105712.4,105927.2,103737.7,105920.3,104824.0,948.96006617,25005.0,103699.25242771542,96197.509577211,55.05550069505329,2735.2350907071805
2025-06-03,105920.4,106820.0,104984.1,105446.0,105984.3,774.51639796,23379.0,103811.94581947572,96380.64800142465,53.52582631039188,2670.996869942381
2025-06-04,105446.0,106000.0,104279.0,104745.4,105153.7,613.1507945,20721.0,103872.16866983213,96546.28665486177,51.26024003656969,2603.1399506607822
2025-06-05,104745.4,105948.1,100400.0,101579.7,102868.5,1744.4000448,39399.0,103724.26746532685,96645.95820625065,42.505443074354304,2813.494239899298
2025-06-06,101579.7,105360.1,101211.5,104376.0,103738.0,877.21259649,30933.0,103766.31472562836,96799.02834078034,50.540896256230035,2908.8589370493487
2025-06-07,104376.0,105929.0,104000.1,105654.5,105280.0,492.00974469,17352.0,103888.13313042653,96974.38421522033,53.725305369242335,2838.8618701172522
2025-06-08,105654.6,106477.0,105082.3,105754.2,105777.2,568.50781065,16520.0,104008.52454136676,97148.2419535328,53.97417010045741,2735.7074508231626
2025-06-09,105754.2,110550.0,105392.3,110280.0,108078.0,1264.78416755,34364.0,104413.13586127858,97408.27676633412,63.55569002128696,2908.706918621508
2025-06-10,110280.0,110373.0,108342.2,110273.6,109426.8,1180.06772837,34244.0,104791.23032184127,97663.03564224829,63.53554726708578,2845.9992815771147
2025-06-11,110273.6,110411.0,108139.5,108702.0,109416.0,810.07191598,31080.0,105043.53804301281,97881.62899586713,58.62224387440808,2804.9636186073208
2025-06-12,108701.9,108790.2,105760.0,105760.1,107426.4,1512.14504927,31559.0,105089.76784668941,98037.63832268164,50.71596592568452,2821.0519315639403
2025-06-13,105760.1,106137.5,102812.3,106122.3,104573.3,2109.12032495,45219.0,105156.38282432237,98197.73063312357,51.58177812272255,2857.0625078808016
2025-06-14,106122.3,106172.3,104400.0,105479.4,105008.5,392.68291073,15535.0,105177.22264210803,98341.92210573498,49.905875455947836,2779.579471603602
2025-06-15,105479.4,106090.0,104529.0,105581.4,105309.0,334.89355425,16175.0,105203.29860068171,98485.27810364122,50.18242724739783,2692.538080774774
2025-06-16,105581.5,108924.6,105019.3,106800.1,107271.0,1209.9618599,28439.0,105306.31804579904,98649.92804218298,53.486503027600826,2779.1639321480043
2025-06-17,106800.1,107725.1,103400.0,104622.4,105370.0,1348.24204708,34408.0,105262.19430090878,98768.19481362488,47.43266391009081,2889.587936994576
2025-06-18,104622.5,105529.9,103567.6,104892.0,104611.5,808.40984268,29962.0,105238.31079762435,98889.458282662,48.21411994961866,2823.3530843521053
2025-06-19,104891.9,105226.5,103931.6,104675.2,104705.2,1124.90399547,19859.0,105201.98106874536,99004.0274255796,47.60130198533239,2714.1778640412404
2025-06-20,104675.2,106470.0,102388.9,103292.0,104326.5,1051.84794845,31462.0,105078.75648366501,99088.93777358792,43.77812189608375,2811.8151594668666
2025-06-21,103300.0,103995.5,100933.5,102144.0,102402.8,938.91408133,24154.0,104889.41735568663,99149.43405529905,40.845905338467574,2829.685505219233
2025-06-22,102153.0,103380.5,98277.2,100987.9,100656.6,2331.29507485,49313.0,104637.70655854557,99185.83932153076,38.07978185368266,2992.086540560717
2025-06-23,100987.9,106022.4,99700.0,105382.0,103024.9,2634.94718822,44740.0,104685.72549025231,99308.53557258955,51.51851111238556,3229.9660733778082
2025-06-24,105382.1,106309.1,104777.0,106100.0,105474.1,1570.51099254,34329.0,104776.96900701022,99443.02001669668,53.30197148580562,3108.689925279394
2025-06-25,106100.0,106800.0,105888.2,106696.9,106402.0,169.78437012,3658.0,104900.83552268698,99586.66120448487,54.790904473530134,2951.7692163308666
